country_code,country_name,indicator_id,indicator_name,index_id,index_name,value,year
BRA,Brazil,abr,"Adolescent Birth Rate (births per 1,000 women ages 15-19)",GII,Gender Inequality Index,88.481,1990
BRA,Brazil,abr,"Adolescent Birth Rate (births per 1,000 women ages 15-19)",GII,Gender Inequality Index,87.862,1991
BRA,Brazil,abr,"Adolescent Birth Rate (births per 1,000 women ages 15-19)",GII,Gender Inequality Index,86.887,1992
BRA,Brazil,abr,"Adolescent Birth Rate (births per 1,000 women ages 15-19)",GII,Gender Inequality Index,87.126,1993
BRA,Brazil,abr,"Adolescent Birth Rate (births per 1,000 women ages 15-19)",GII,Gender Inequality Index,86.666,1994
BRA,Brazil,abr,"Adolescent Birth Rate (births per 1,000 women ages 15-19)",GII,Gender Inequality Index,87.339,1995
BRA,Brazil,abr,"Adolescent Birth Rate (births per 1,000 women ages 15-19)",GII,Gender Inequality Index,87.328,1996
BRA,Brazil,abr,"Adolescent Birth Rate (births per 1,000 women ages 15-19)",GII,Gender Inequality Index,87.791,1997
BRA,Brazil,abr,"Adolescent Birth Rate (births per 1,000 women ages 15-19)",GII,Gender Inequality Index,87.982,1998
BRA,Brazil,abr,"Adolescent Birth Rate (births per 1,000 women ages 15-19)",GII,Gender Inequality Index,87.003,1999
BRA,Brazil,abr,"Adolescent Birth Rate (births per 1,000 women ages 15-19)",GII,Gender Inequality Index,85.611,2000
BRA,Brazil,abr,"Adolescent Birth Rate (births per 1,000 women ages 15-19)",GII,Gender Inequality Index,84.155,2001
BRA,Brazil,abr,"Adolescent Birth Rate (births per 1,000 women ages 15-19)",GII,Gender Inequality Index,81.131,2002
BRA,Brazil,abr,"Adolescent Birth Rate (births per 1,000 women ages 15-19)",GII,Gender Inequality Index,78.025,2003
BRA,Brazil,abr,"Adolescent Birth Rate (births per 1,000 women ages 15-19)",GII,Gender Inequality Index,76.9,2004
BRA,Brazil,abr,"Adolescent Birth Rate (births per 1,000 women ages 15-19)",GII,Gender Inequality Index,75.968,2005
BRA,Brazil,abr,"Adolescent Birth Rate (births per 1,000 women ages 15-19)",GII,Gender Inequality Index,73.845,2006
BRA,Brazil,abr,"Adolescent Birth Rate (births per 1,000 women ages 15-19)",GII,Gender Inequality Index,71.698,2007
BRA,Brazil,abr,"Adolescent Birth Rate (births per 1,000 women ages 15-19)",GII,Gender Inequality Index,69.141,2008
BRA,Brazil,abr,"Adolescent Birth Rate (births per 1,000 women ages 15-19)",GII,Gender Inequality Index,67.334,2009
BRA,Brazil,abr,"Adolescent Birth Rate (births per 1,000 women ages 15-19)",GII,Gender Inequality Index,65.474,2010
BRA,Brazil,abr,"Adolescent Birth Rate (births per 1,000 women ages 15-19)",GII,Gender Inequality Index,64.773,2011
BRA,Brazil,abr,"Adolescent Birth Rate (births per 1,000 women ages 15-19)",GII,Gender Inequality Index,64.285,2012
BRA,Brazil,abr,"Adolescent Birth Rate (births per 1,000 women ages 15-19)",GII,Gender Inequality Index,63.947,2013
BRA,Brazil,abr,"Adolescent Birth Rate (births per 1,000 women ages 15-19)",GII,Gender Inequality Index,63.365,2014
BRA,Brazil,abr,"Adolescent Birth Rate (births per 1,000 women ages 15-19)",GII,Gender Inequality Index,61.779,2015
BRA,Brazil,abr,"Adolescent Birth Rate (births per 1,000 women ages 15-19)",GII,Gender Inequality Index,58.372,2016
BRA,Brazil,abr,"Adolescent Birth Rate (births per 1,000 women ages 15-19)",GII,Gender Inequality Index,56.558,2017
BRA,Brazil,abr,"Adolescent Birth Rate (births per 1,000 women ages 15-19)",GII,Gender Inequality Index,54.287,2018
BRA,Brazil,abr,"Adolescent Birth Rate (births per 1,000 women ages 15-19)",GII,Gender Inequality Index,50.958,2019
BRA,Brazil,abr,"Adolescent Birth Rate (births per 1,000 women ages 15-19)",GII,Gender Inequality Index,47.46,2020
BRA,Brazil,abr,"Adolescent Birth Rate (births per 1,000 women ages 15-19)",GII,Gender Inequality Index,45.67,2021
BRA,Brazil,abr,"Adolescent Birth Rate (births per 1,000 women ages 15-19)",GII,Gender Inequality Index,42.881,2022
BRA,Brazil,abr,"Adolescent Birth Rate (births per 1,000 women ages 15-19)",GII,Gender Inequality Index,42.686,2023
BRA,Brazil,assets,Assets (%),MPI,Multidimensional Poverty Index,1.030,2015
BRA,Brazil,child_mortality,Child mortality (%),MPI,Multidimensional Poverty Index,49.761,2015
BRA,Brazil,co2_prod,Carbon dioxide emissions per capita (production) (tonnes),PHDI,Planetary pressures–adjusted Human Development Index,1.451,1990
BRA,Brazil,co2_prod,Carbon dioxide emissions per capita (production) (tonnes),PHDI,Planetary pressures–adjusted Human Development Index,1.496,1991
BRA,Brazil,co2_prod,Carbon dioxide emissions per capita (production) (tonnes),PHDI,Planetary pressures–adjusted Human Development Index,1.498,1992
BRA,Brazil,co2_prod,Carbon dioxide emissions per capita (production) (tonnes),PHDI,Planetary pressures–adjusted Human Development Index,1.542,1993
BRA,Brazil,co2_prod,Carbon dioxide emissions per capita (production) (tonnes),PHDI,Planetary pressures–adjusted Human Development Index,1.578,1994
BRA,Brazil,co2_prod,Carbon dioxide emissions per capita (production) (tonnes),PHDI,Planetary pressures–adjusted Human Development Index,1.643,1995
BRA,Brazil,co2_prod,Carbon dioxide emissions per capita (production) (tonnes),PHDI,Planetary pressures–adjusted Human Development Index,1.742,1996
BRA,Brazil,co2_prod,Carbon dioxide emissions per capita (production) (tonnes),PHDI,Planetary pressures–adjusted Human Development Index,1.821,1997
BRA,Brazil,co2_prod,Carbon dioxide emissions per capita (production) (tonnes),PHDI,Planetary pressures–adjusted Human Development Index,1.855,1998
BRA,Brazil,co2_prod,Carbon dioxide emissions per capita (production) (tonnes),PHDI,Planetary pressures–adjusted Human Development Index,1.886,1999
BRA,Brazil,co2_prod,Carbon dioxide emissions per capita (production) (tonnes),PHDI,Planetary pressures–adjusted Human Development Index,1.934,2000
BRA,Brazil,co2_prod,Carbon dioxide emissions per capita (production) (tonnes),PHDI,Planetary pressures–adjusted Human Development Index,1.942,2001
BRA,Brazil,co2_prod,Carbon dioxide emissions per capita (production) (tonnes),PHDI,Planetary pressures–adjusted Human Development Index,1.927,2002
BRA,Brazil,co2_prod,Carbon dioxide emissions per capita (production) (tonnes),PHDI,Planetary pressures–adjusted Human Development Index,1.887,2003
BRA,Brazil,co2_prod,Carbon dioxide emissions per capita (production) (tonnes),PHDI,Planetary pressures–adjusted Human Development Index,1.957,2004
BRA,Brazil,co2_prod,Carbon dioxide emissions per capita (production) (tonnes),PHDI,Planetary pressures–adjusted Human Development Index,1.951,2005
BRA,Brazil,co2_prod,Carbon dioxide emissions per capita (production) (tonnes),PHDI,Planetary pressures–adjusted Human Development Index,1.954,2006
BRA,Brazil,co2_prod,Carbon dioxide emissions per capita (production) (tonnes),PHDI,Planetary pressures–adjusted Human Development Index,2.047,2007
BRA,Brazil,co2_prod,Carbon dioxide emissions per capita (production) (tonnes),PHDI,Planetary pressures–adjusted Human Development Index,2.142,2008
BRA,Brazil,co2_prod,Carbon dioxide emissions per capita (production) (tonnes),PHDI,Planetary pressures–adjusted Human Development Index,2.004,2009
BRA,Brazil,co2_prod,Carbon dioxide emissions per capita (production) (tonnes),PHDI,Planetary pressures–adjusted Human Development Index,2.242,2010
BRA,Brazil,co2_prod,Carbon dioxide emissions per capita (production) (tonnes),PHDI,Planetary pressures–adjusted Human Development Index,2.334,2011
BRA,Brazil,co2_prod,Carbon dioxide emissions per capita (production) (tonnes),PHDI,Planetary pressures–adjusted Human Development Index,2.492,2012
BRA,Brazil,co2_prod,Carbon dioxide emissions per capita (production) (tonnes),PHDI,Planetary pressures–adjusted Human Development Index,2.639,2013
BRA,Brazil,co2_prod,Carbon dioxide emissions per capita (production) (tonnes),PHDI,Planetary pressures–adjusted Human Development Index,2.742,2014
BRA,Brazil,co2_prod,Carbon dioxide emissions per capita (production) (tonnes),PHDI,Planetary pressures–adjusted Human Development Index,2.580,2015
BRA,Brazil,co2_prod,Carbon dioxide emissions per capita (production) (tonnes),PHDI,Planetary pressures–adjusted Human Development Index,2.382,2016
BRA,Brazil,co2_prod,Carbon dioxide emissions per capita (production) (tonnes),PHDI,Planetary pressures–adjusted Human Development Index,2.390,2017
BRA,Brazil,co2_prod,Carbon dioxide emissions per capita (production) (tonnes),PHDI,Planetary pressures–adjusted Human Development Index,2.276,2018
BRA,Brazil,co2_prod,Carbon dioxide emissions per capita (production) (tonnes),PHDI,Planetary pressures–adjusted Human Development Index,2.235,2019
BRA,Brazil,co2_prod,Carbon dioxide emissions per capita (production) (tonnes),PHDI,Planetary pressures–adjusted Human Development Index,2.088,2020
BRA,Brazil,co2_prod,Carbon dioxide emissions per capita (production) (tonnes),PHDI,Planetary pressures–adjusted Human Development Index,2.324,2021
BRA,Brazil,co2_prod,Carbon dioxide emissions per capita (production) (tonnes),PHDI,Planetary pressures–adjusted Human Development Index,2.247,2022
BRA,Brazil,co2_prod,Carbon dioxide emissions per capita (production) (tonnes),PHDI,Planetary pressures–adjusted Human Development Index,2.248,2023
BRA,Brazil,coef_ineq,Coefficient of human inequality,IHDI,Inequality-adjusted Human Development Index,23.578,2010
BRA,Brazil,coef_ineq,Coefficient of human inequality,IHDI,Inequality-adjusted Human Development Index,23.656,2011
BRA,Brazil,coef_ineq,Coefficient of human inequality,IHDI,Inequality-adjusted Human Development Index,29.136,2012
BRA,Brazil,coef_ineq,Coefficient of human inequality,IHDI,Inequality-adjusted Human Development Index,28.354,2013
BRA,Brazil,coef_ineq,Coefficient of human inequality,IHDI,Inequality-adjusted Human Development Index,27.813,2014
BRA,Brazil,coef_ineq,Coefficient of human inequality,IHDI,Inequality-adjusted Human Development Index,27.327,2015
BRA,Brazil,coef_ineq,Coefficient of human inequality,IHDI,Inequality-adjusted Human Development Index,23.223,2016
BRA,Brazil,coef_ineq,Coefficient of human inequality,IHDI,Inequality-adjusted Human Development Index,23.191,2017
BRA,Brazil,coef_ineq,Coefficient of human inequality,IHDI,Inequality-adjusted Human Development Index,22.947,2018
BRA,Brazil,coef_ineq,Coefficient of human inequality,IHDI,Inequality-adjusted Human Development Index,22.632,2019
BRA,Brazil,coef_ineq,Coefficient of human inequality,IHDI,Inequality-adjusted Human Development Index,21.140,2020
BRA,Brazil,coef_ineq,Coefficient of human inequality,IHDI,Inequality-adjusted Human Development Index,22.529,2021
BRA,Brazil,coef_ineq,Coefficient of human inequality,IHDI,Inequality-adjusted Human Development Index,22.836,2022
BRA,Brazil,coef_ineq,Coefficient of human inequality,IHDI,Inequality-adjusted Human Development Index,22.768,2023
BRA,Brazil,cooking_fuel,Cooking fuel (%),MPI,Multidimensional Poverty Index,4.521,2015
BRA,Brazil,diff_hdi_phdi,Difference from HDI value (%),PHDI,Planetary pressures–adjusted Human Development Index,7.644,1990
BRA,Brazil,diff_hdi_phdi,Difference from HDI value (%),PHDI,Planetary pressures–adjusted Human Development Index,7.442,1991
BRA,Brazil,diff_hdi_phdi,Difference from HDI value (%),PHDI,Planetary pressures–adjusted Human Development Index,7.407,1992
BRA,Brazil,diff_hdi_phdi,Difference from HDI value (%),PHDI,Planetary pressures–adjusted Human Development Index,7.034,1993
BRA,Brazil,diff_hdi_phdi,Difference from HDI value (%),PHDI,Planetary pressures–adjusted Human Development Index,7.436,1994
BRA,Brazil,diff_hdi_phdi,Difference from HDI value (%),PHDI,Planetary pressures–adjusted Human Development Index,7.658,1995
BRA,Brazil,diff_hdi_phdi,Difference from HDI value (%),PHDI,Planetary pressures–adjusted Human Development Index,7.750,1996
BRA,Brazil,diff_hdi_phdi,Difference from HDI value (%),PHDI,Planetary pressures–adjusted Human Development Index,7.988,1997
BRA,Brazil,diff_hdi_phdi,Difference from HDI value (%),PHDI,Planetary pressures–adjusted Human Development Index,8.088,1998
BRA,Brazil,diff_hdi_phdi,Difference from HDI value (%),PHDI,Planetary pressures–adjusted Human Development Index,7.749,1999
BRA,Brazil,diff_hdi_phdi,Difference from HDI value (%),PHDI,Planetary pressures–adjusted Human Development Index,7.681,2000
BRA,Brazil,diff_hdi_phdi,Difference from HDI value (%),PHDI,Planetary pressures–adjusted Human Development Index,7.637,2001
BRA,Brazil,diff_hdi_phdi,Difference from HDI value (%),PHDI,Planetary pressures–adjusted Human Development Index,7.714,2002
BRA,Brazil,diff_hdi_phdi,Difference from HDI value (%),PHDI,Planetary pressures–adjusted Human Development Index,7.801,2003
BRA,Brazil,diff_hdi_phdi,Difference from HDI value (%),PHDI,Planetary pressures–adjusted Human Development Index,7.865,2004
BRA,Brazil,diff_hdi_phdi,Difference from HDI value (%),PHDI,Planetary pressures–adjusted Human Development Index,8.078,2005
BRA,Brazil,diff_hdi_phdi,Difference from HDI value (%),PHDI,Planetary pressures–adjusted Human Development Index,8.690,2006
BRA,Brazil,diff_hdi_phdi,Difference from HDI value (%),PHDI,Planetary pressures–adjusted Human Development Index,9.563,2007
BRA,Brazil,diff_hdi_phdi,Difference from HDI value (%),PHDI,Planetary pressures–adjusted Human Development Index,10.284,2008
BRA,Brazil,diff_hdi_phdi,Difference from HDI value (%),PHDI,Planetary pressures–adjusted Human Development Index,10.108,2009
BRA,Brazil,diff_hdi_phdi,Difference from HDI value (%),PHDI,Planetary pressures–adjusted Human Development Index,11.096,2010
BRA,Brazil,diff_hdi_phdi,Difference from HDI value (%),PHDI,Planetary pressures–adjusted Human Development Index,12.085,2011
BRA,Brazil,diff_hdi_phdi,Difference from HDI value (%),PHDI,Planetary pressures–adjusted Human Development Index,12.137,2012
BRA,Brazil,diff_hdi_phdi,Difference from HDI value (%),PHDI,Planetary pressures–adjusted Human Development Index,12.467,2013
BRA,Brazil,diff_hdi_phdi,Difference from HDI value (%),PHDI,Planetary pressures–adjusted Human Development Index,12.157,2014
BRA,Brazil,diff_hdi_phdi,Difference from HDI value (%),PHDI,Planetary pressures–adjusted Human Development Index,11.387,2015
BRA,Brazil,diff_hdi_phdi,Difference from HDI value (%),PHDI,Planetary pressures–adjusted Human Development Index,11.111,2016
BRA,Brazil,diff_hdi_phdi,Difference from HDI value (%),PHDI,Planetary pressures–adjusted Human Development Index,11.039,2017
BRA,Brazil,diff_hdi_phdi,Difference from HDI value (%),PHDI,Planetary pressures–adjusted Human Development Index,10.724,2018
BRA,Brazil,diff_hdi_phdi,Difference from HDI value (%),PHDI,Planetary pressures–adjusted Human Development Index,10.825,2019
BRA,Brazil,diff_hdi_phdi,Difference from HDI value (%),PHDI,Planetary pressures–adjusted Human Development Index,10.649,2020
BRA,Brazil,diff_hdi_phdi,Difference from HDI value (%),PHDI,Planetary pressures–adjusted Human Development Index,10.547,2021
BRA,Brazil,diff_hdi_phdi,Difference from HDI value (%),PHDI,Planetary pressures–adjusted Human Development Index,10.641,2022
BRA,Brazil,diff_hdi_phdi,Difference from HDI value (%),PHDI,Planetary pressures–adjusted Human Development Index,10.687,2023
BRA,Brazil,drinking_water,Drinking water (%),MPI,Multidimensional Poverty Index,7.374,2015
BRA,Brazil,electricity,Electricity (%),MPI,Multidimensional Poverty Index,0.560,2015
BRA,Brazil,eys,Expected Years of Schooling (years),HDI,Human Development Index,14.095,1990
BRA,Brazil,eys,Expected Years of Schooling (years),HDI,Human Development Index,14.144,1991
BRA,Brazil,eys,Expected Years of Schooling (years),HDI,Human Development Index,14.193,1992
BRA,Brazil,eys,Expected Years of Schooling (years),HDI,Human Development Index,14.243,1993
BRA,Brazil,eys,Expected Years of Schooling (years),HDI,Human Development Index,14.292,1994
BRA,Brazil,eys,Expected Years of Schooling (years),HDI,Human Development Index,14.342,1995
BRA,Brazil,eys,Expected Years of Schooling (years),HDI,Human Development Index,14.392,1996
BRA,Brazil,eys,Expected Years of Schooling (years),HDI,Human Development Index,14.442,1997
BRA,Brazil,eys,Expected Years of Schooling (years),HDI,Human Development Index,14.492,1998
BRA,Brazil,eys,Expected Years of Schooling (years),HDI,Human Development Index,14.543,1999
BRA,Brazil,eys,Expected Years of Schooling (years),HDI,Human Development Index,14.593,2000
BRA,Brazil,eys,Expected Years of Schooling (years),HDI,Human Development Index,14.644,2001
BRA,Brazil,eys,Expected Years of Schooling (years),HDI,Human Development Index,14.695,2002
BRA,Brazil,eys,Expected Years of Schooling (years),HDI,Human Development Index,14.746,2003
BRA,Brazil,eys,Expected Years of Schooling (years),HDI,Human Development Index,14.797,2004
BRA,Brazil,eys,Expected Years of Schooling (years),HDI,Human Development Index,14.849,2005
BRA,Brazil,eys,Expected Years of Schooling (years),HDI,Human Development Index,14.901,2006
BRA,Brazil,eys,Expected Years of Schooling (years),HDI,Human Development Index,14.952,2007
BRA,Brazil,eys,Expected Years of Schooling (years),HDI,Human Development Index,15.004,2008
BRA,Brazil,eys,Expected Years of Schooling (years),HDI,Human Development Index,15.057,2009
BRA,Brazil,eys,Expected Years of Schooling (years),HDI,Human Development Index,15.109,2010
BRA,Brazil,eys,Expected Years of Schooling (years),HDI,Human Development Index,15.162,2011
BRA,Brazil,eys,Expected Years of Schooling (years),HDI,Human Development Index,15.214,2012
BRA,Brazil,eys,Expected Years of Schooling (years),HDI,Human Development Index,15.245,2013
BRA,Brazil,eys,Expected Years of Schooling (years),HDI,Human Development Index,15.368,2014
BRA,Brazil,eys,Expected Years of Schooling (years),HDI,Human Development Index,15.245,2015
BRA,Brazil,eys,Expected Years of Schooling (years),HDI,Human Development Index,15.294,2016
BRA,Brazil,eys,Expected Years of Schooling (years),HDI,Human Development Index,15.407,2017
BRA,Brazil,eys,Expected Years of Schooling (years),HDI,Human Development Index,15.504,2018
BRA,Brazil,eys,Expected Years of Schooling (years),HDI,Human Development Index,15.449,2019
BRA,Brazil,eys,Expected Years of Schooling (years),HDI,Human Development Index,15.446,2020
BRA,Brazil,eys,Expected Years of Schooling (years),HDI,Human Development Index,15.579,2021
BRA,Brazil,eys,Expected Years of Schooling (years),HDI,Human Development Index,15.793,2022
BRA,Brazil,eys,Expected Years of Schooling (years),HDI,Human Development Index,15.793,2023
BRA,Brazil,eys_f,"Expected Years of Schooling, female (years)",GDI,Gender Development Index,15.209,2000
BRA,Brazil,eys_f,"Expected Years of Schooling, female (years)",GDI,Gender Development Index,15.248,2001
BRA,Brazil,eys_f,"Expected Years of Schooling, female (years)",GDI,Gender Development Index,15.288,2002
BRA,Brazil,eys_f,"Expected Years of Schooling, female (years)",GDI,Gender Development Index,15.327,2003
BRA,Brazil,eys_f,"Expected Years of Schooling, female (years)",GDI,Gender Development Index,15.367,2004
BRA,Brazil,eys_f,"Expected Years of Schooling, female (years)",GDI,Gender Development Index,15.407,2005
BRA,Brazil,eys_f,"Expected Years of Schooling, female (years)",GDI,Gender Development Index,15.447,2006
BRA,Brazil,eys_f,"Expected Years of Schooling, female (years)",GDI,Gender Development Index,15.487,2007
BRA,Brazil,eys_f,"Expected Years of Schooling, female (years)",GDI,Gender Development Index,15.527,2008
BRA,Brazil,eys_f,"Expected Years of Schooling, female (years)",GDI,Gender Development Index,15.567,2009
BRA,Brazil,eys_f,"Expected Years of Schooling, female (years)",GDI,Gender Development Index,15.608,2010
BRA,Brazil,eys_f,"Expected Years of Schooling, female (years)",GDI,Gender Development Index,15.648,2011
BRA,Brazil,eys_f,"Expected Years of Schooling, female (years)",GDI,Gender Development Index,15.689,2012
BRA,Brazil,eys_f,"Expected Years of Schooling, female (years)",GDI,Gender Development Index,15.667,2013
BRA,Brazil,eys_f,"Expected Years of Schooling, female (years)",GDI,Gender Development Index,15.821,2014
BRA,Brazil,eys_f,"Expected Years of Schooling, female (years)",GDI,Gender Development Index,15.661,2015
BRA,Brazil,eys_f,"Expected Years of Schooling, female (years)",GDI,Gender Development Index,15.687,2016
BRA,Brazil,eys_f,"Expected Years of Schooling, female (years)",GDI,Gender Development Index,15.794,2017
BRA,Brazil,eys_f,"Expected Years of Schooling, female (years)",GDI,Gender Development Index,15.920,2018
BRA,Brazil,eys_f,"Expected Years of Schooling, female (years)",GDI,Gender Development Index,15.917,2019
BRA,Brazil,eys_f,"Expected Years of Schooling, female (years)",GDI,Gender Development Index,15.935,2020
BRA,Brazil,eys_f,"Expected Years of Schooling, female (years)",GDI,Gender Development Index,16.223,2021
BRA,Brazil,eys_f,"Expected Years of Schooling, female (years)",GDI,Gender Development Index,16.489,2022
BRA,Brazil,eys_f,"Expected Years of Schooling, female (years)",GDI,Gender Development Index,16.489,2023
BRA,Brazil,eys_m,"Expected Years of Schooling, male (years)",GDI,Gender Development Index,13.987,2000
BRA,Brazil,eys_m,"Expected Years of Schooling, male (years)",GDI,Gender Development Index,14.048,2001
BRA,Brazil,eys_m,"Expected Years of Schooling, male (years)",GDI,Gender Development Index,14.110,2002
BRA,Brazil,eys_m,"Expected Years of Schooling, male (years)",GDI,Gender Development Index,14.172,2003
BRA,Brazil,eys_m,"Expected Years of Schooling, male (years)",GDI,Gender Development Index,14.234,2004
BRA,Brazil,eys_m,"Expected Years of Schooling, male (years)",GDI,Gender Development Index,14.297,2005
BRA,Brazil,eys_m,"Expected Years of Schooling, male (years)",GDI,Gender Development Index,14.359,2006
BRA,Brazil,eys_m,"Expected Years of Schooling, male (years)",GDI,Gender Development Index,14.422,2007
BRA,Brazil,eys_m,"Expected Years of Schooling, male (years)",GDI,Gender Development Index,14.486,2008
BRA,Brazil,eys_m,"Expected Years of Schooling, male (years)",GDI,Gender Development Index,14.549,2009
BRA,Brazil,eys_m,"Expected Years of Schooling, male (years)",GDI,Gender Development Index,14.613,2010
BRA,Brazil,eys_m,"Expected Years of Schooling, male (years)",GDI,Gender Development Index,14.677,2011
BRA,Brazil,eys_m,"Expected Years of Schooling, male (years)",GDI,Gender Development Index,14.742,2012
BRA,Brazil,eys_m,"Expected Years of Schooling, male (years)",GDI,Gender Development Index,14.821,2013
BRA,Brazil,eys_m,"Expected Years of Schooling, male (years)",GDI,Gender Development Index,14.914,2014
BRA,Brazil,eys_m,"Expected Years of Schooling, male (years)",GDI,Gender Development Index,14.828,2015
BRA,Brazil,eys_m,"Expected Years of Schooling, male (years)",GDI,Gender Development Index,14.901,2016
BRA,Brazil,eys_m,"Expected Years of Schooling, male (years)",GDI,Gender Development Index,15.021,2017
BRA,Brazil,eys_m,"Expected Years of Schooling, male (years)",GDI,Gender Development Index,15.092,2018
BRA,Brazil,eys_m,"Expected Years of Schooling, male (years)",GDI,Gender Development Index,14.988,2019
BRA,Brazil,eys_m,"Expected Years of Schooling, male (years)",GDI,Gender Development Index,14.973,2020
BRA,Brazil,eys_m,"Expected Years of Schooling, male (years)",GDI,Gender Development Index,14.950,2021
BRA,Brazil,eys_m,"Expected Years of Schooling, male (years)",GDI,Gender Development Index,15.106,2022
BRA,Brazil,eys_m,"Expected Years of Schooling, male (years)",GDI,Gender Development Index,15.106,2023
BRA,Brazil,gdi_group,GDI Group,GDI,Gender Development Index,1,2023
BRA,Brazil,gii_rank,GII Rank,GII,Gender Inequality Index,96,2023
BRA,Brazil,gni_pc_f,"Gross National Income Per Capita, female (2021 PPP$)",GDI,Gender Development Index,7211.980,1990
BRA,Brazil,gni_pc_f,"Gross National Income Per Capita, female (2021 PPP$)",GDI,Gender Development Index,7118.941,1991
BRA,Brazil,gni_pc_f,"Gross National Income Per Capita, female (2021 PPP$)",GDI,Gender Development Index,7893.535,1992
BRA,Brazil,gni_pc_f,"Gross National Income Per Capita, female (2021 PPP$)",GDI,Gender Development Index,8093.504,1993
BRA,Brazil,gni_pc_f,"Gross National Income Per Capita, female (2021 PPP$)",GDI,Gender Development Index,7992.896,1994
BRA,Brazil,gni_pc_f,"Gross National Income Per Capita, female (2021 PPP$)",GDI,Gender Development Index,7910.727,1995
BRA,Brazil,gni_pc_f,"Gross National Income Per Capita, female (2021 PPP$)",GDI,Gender Development Index,8288.424,1996
BRA,Brazil,gni_pc_f,"Gross National Income Per Capita, female (2021 PPP$)",GDI,Gender Development Index,8525.706,1997
BRA,Brazil,gni_pc_f,"Gross National Income Per Capita, female (2021 PPP$)",GDI,Gender Development Index,8530.610,1998
BRA,Brazil,gni_pc_f,"Gross National Income Per Capita, female (2021 PPP$)",GDI,Gender Development Index,8650.695,1999
BRA,Brazil,gni_pc_f,"Gross National Income Per Capita, female (2021 PPP$)",GDI,Gender Development Index,9568.689,2000
BRA,Brazil,gni_pc_f,"Gross National Income Per Capita, female (2021 PPP$)",GDI,Gender Development Index,9344.528,2001
BRA,Brazil,gni_pc_f,"Gross National Income Per Capita, female (2021 PPP$)",GDI,Gender Development Index,9791.134,2002
BRA,Brazil,gni_pc_f,"Gross National Income Per Capita, female (2021 PPP$)",GDI,Gender Development Index,9905.477,2003
BRA,Brazil,gni_pc_f,"Gross National Income Per Capita, female (2021 PPP$)",GDI,Gender Development Index,10469.027,2004
BRA,Brazil,gni_pc_f,"Gross National Income Per Capita, female (2021 PPP$)",GDI,Gender Development Index,10870.291,2005
BRA,Brazil,gni_pc_f,"Gross National Income Per Capita, female (2021 PPP$)",GDI,Gender Development Index,11306.018,2006
BRA,Brazil,gni_pc_f,"Gross National Income Per Capita, female (2021 PPP$)",GDI,Gender Development Index,11935.151,2007
BRA,Brazil,gni_pc_f,"Gross National Income Per Capita, female (2021 PPP$)",GDI,Gender Development Index,12179.542,2008
BRA,Brazil,gni_pc_f,"Gross National Income Per Capita, female (2021 PPP$)",GDI,Gender Development Index,12410.474,2009
BRA,Brazil,gni_pc_f,"Gross National Income Per Capita, female (2021 PPP$)",GDI,Gender Development Index,12745.940,2010
BRA,Brazil,gni_pc_f,"Gross National Income Per Capita, female (2021 PPP$)",GDI,Gender Development Index,13216.921,2011
BRA,Brazil,gni_pc_f,"Gross National Income Per Capita, female (2021 PPP$)",GDI,Gender Development Index,13144.117,2012
BRA,Brazil,gni_pc_f,"Gross National Income Per Capita, female (2021 PPP$)",GDI,Gender Development Index,13663.447,2013
BRA,Brazil,gni_pc_f,"Gross National Income Per Capita, female (2021 PPP$)",GDI,Gender Development Index,13432.902,2014
BRA,Brazil,gni_pc_f,"Gross National Income Per Capita, female (2021 PPP$)",GDI,Gender Development Index,13108.550,2015
BRA,Brazil,gni_pc_f,"Gross National Income Per Capita, female (2021 PPP$)",GDI,Gender Development Index,12739.984,2016
BRA,Brazil,gni_pc_f,"Gross National Income Per Capita, female (2021 PPP$)",GDI,Gender Development Index,13014.528,2017
BRA,Brazil,gni_pc_f,"Gross National Income Per Capita, female (2021 PPP$)",GDI,Gender Development Index,13028.577,2018
BRA,Brazil,gni_pc_f,"Gross National Income Per Capita, female (2021 PPP$)",GDI,Gender Development Index,13174.441,2019
BRA,Brazil,gni_pc_f,"Gross National Income Per Capita, female (2021 PPP$)",GDI,Gender Development Index,12592.816,2020
BRA,Brazil,gni_pc_f,"Gross National Income Per Capita, female (2021 PPP$)",GDI,Gender Development Index,13279.222,2021
BRA,Brazil,gni_pc_f,"Gross National Income Per Capita, female (2021 PPP$)",GDI,Gender Development Index,13626.971,2022
BRA,Brazil,gni_pc_f,"Gross National Income Per Capita, female (2021 PPP$)",GDI,Gender Development Index,13886.154,2023
BRA,Brazil,gni_pc_m,"Gross National Income Per Capita, male (2021 PPP$)",GDI,Gender Development Index,17175.147,1990
BRA,Brazil,gni_pc_m,"Gross National Income Per Capita, male (2021 PPP$)",GDI,Gender Development Index,17198.826,1991
BRA,Brazil,gni_pc_m,"Gross National Income Per Capita, male (2021 PPP$)",GDI,Gender Development Index,15971.044,1992
BRA,Brazil,gni_pc_m,"Gross National Income Per Capita, male (2021 PPP$)",GDI,Gender Development Index,16413.390,1993
BRA,Brazil,gni_pc_m,"Gross National Income Per Capita, male (2021 PPP$)",GDI,Gender Development Index,17180.185,1994
BRA,Brazil,gni_pc_m,"Gross National Income Per Capita, male (2021 PPP$)",GDI,Gender Development Index,18572.265,1995
BRA,Brazil,gni_pc_m,"Gross National Income Per Capita, male (2021 PPP$)",GDI,Gender Development Index,18383.382,1996
BRA,Brazil,gni_pc_m,"Gross National Income Per Capita, male (2021 PPP$)",GDI,Gender Development Index,18556.149,1997
BRA,Brazil,gni_pc_m,"Gross National Income Per Capita, male (2021 PPP$)",GDI,Gender Development Index,18136.525,1998
BRA,Brazil,gni_pc_m,"Gross National Income Per Capita, male (2021 PPP$)",GDI,Gender Development Index,17503.837,1999
BRA,Brazil,gni_pc_m,"Gross National Income Per Capita, male (2021 PPP$)",GDI,Gender Development Index,17415.406,2000
BRA,Brazil,gni_pc_m,"Gross National Income Per Capita, male (2021 PPP$)",GDI,Gender Development Index,17566.155,2001
BRA,Brazil,gni_pc_m,"Gross National Income Per Capita, male (2021 PPP$)",GDI,Gender Development Index,17561.215,2002
BRA,Brazil,gni_pc_m,"Gross National Income Per Capita, male (2021 PPP$)",GDI,Gender Development Index,17486.672,2003
BRA,Brazil,gni_pc_m,"Gross National Income Per Capita, male (2021 PPP$)",GDI,Gender Development Index,18232.344,2004
BRA,Brazil,gni_pc_m,"Gross National Income Per Capita, male (2021 PPP$)",GDI,Gender Development Index,18444.860,2005
BRA,Brazil,gni_pc_m,"Gross National Income Per Capita, male (2021 PPP$)",GDI,Gender Development Index,18956.683,2006
BRA,Brazil,gni_pc_m,"Gross National Income Per Capita, male (2021 PPP$)",GDI,Gender Development Index,19957.156,2007
BRA,Brazil,gni_pc_m,"Gross National Income Per Capita, male (2021 PPP$)",GDI,Gender Development Index,20903.096,2008
BRA,Brazil,gni_pc_m,"Gross National Income Per Capita, male (2021 PPP$)",GDI,Gender Development Index,20393.008,2009
BRA,Brazil,gni_pc_m,"Gross National Income Per Capita, male (2021 PPP$)",GDI,Gender Development Index,21882.739,2010
BRA,Brazil,gni_pc_m,"Gross National Income Per Capita, male (2021 PPP$)",GDI,Gender Development Index,22642.405,2011
BRA,Brazil,gni_pc_m,"Gross National Income Per Capita, male (2021 PPP$)",GDI,Gender Development Index,23118.626,2012
BRA,Brazil,gni_pc_m,"Gross National Income Per Capita, male (2021 PPP$)",GDI,Gender Development Index,23790.811,2013
BRA,Brazil,gni_pc_m,"Gross National Income Per Capita, male (2021 PPP$)",GDI,Gender Development Index,23719.802,2014
BRA,Brazil,gni_pc_m,"Gross National Income Per Capita, male (2021 PPP$)",GDI,Gender Development Index,22423.556,2015
BRA,Brazil,gni_pc_m,"Gross National Income Per Capita, male (2021 PPP$)",GDI,Gender Development Index,21267.359,2016
BRA,Brazil,gni_pc_m,"Gross National Income Per Capita, male (2021 PPP$)",GDI,Gender Development Index,21252.553,2017
BRA,Brazil,gni_pc_m,"Gross National Income Per Capita, male (2021 PPP$)",GDI,Gender Development Index,21258.908,2018
BRA,Brazil,gni_pc_m,"Gross National Income Per Capita, male (2021 PPP$)",GDI,Gender Development Index,21305.838,2019
BRA,Brazil,gni_pc_m,"Gross National Income Per Capita, male (2021 PPP$)",GDI,Gender Development Index,20742.109,2020
BRA,Brazil,gni_pc_m,"Gross National Income Per Capita, male (2021 PPP$)",GDI,Gender Development Index,21078.398,2021
BRA,Brazil,gni_pc_m,"Gross National Income Per Capita, male (2021 PPP$)",GDI,Gender Development Index,21683.032,2022
BRA,Brazil,gni_pc_m,"Gross National Income Per Capita, male (2021 PPP$)",GDI,Gender Development Index,22267.999,2023
BRA,Brazil,gnipc,Gross National Income Per Capita (2021 PPP$),HDI,Human Development Index,12177.599,1990
BRA,Brazil,gnipc,Gross National Income Per Capita (2021 PPP$),HDI,Human Development Index,12141.591,1991
BRA,Brazil,gnipc,Gross National Income Per Capita (2021 PPP$),HDI,Human Development Index,11917.310,1992
BRA,Brazil,gnipc,Gross National Income Per Capita (2021 PPP$),HDI,Human Development Index,12236.700,1993
BRA,Brazil,gnipc,Gross National Income Per Capita (2021 PPP$),HDI,Human Development Index,12566.512,1994
BRA,Brazil,gnipc,Gross National Income Per Capita (2021 PPP$),HDI,Human Development Index,13216.466,1995
BRA,Brazil,gnipc,Gross National Income Per Capita (2021 PPP$),HDI,Human Development Index,13310.533,1996
BRA,Brazil,gnipc,Gross National Income Per Capita (2021 PPP$),HDI,Human Development Index,13514.076,1997
BRA,Brazil,gnipc,Gross National Income Per Capita (2021 PPP$),HDI,Human Development Index,13306.283,1998
BRA,Brazil,gnipc,Gross National Income Per Capita (2021 PPP$),HDI,Human Development Index,13050.639,1999
BRA,Brazil,gnipc,Gross National Income Per Capita (2021 PPP$),HDI,Human Development Index,13467.053,2000
BRA,Brazil,gnipc,Gross National Income Per Capita (2021 PPP$),HDI,Human Development Index,13427.601,2001
BRA,Brazil,gnipc,Gross National Income Per Capita (2021 PPP$),HDI,Human Development Index,13648.422,2002
BRA,Brazil,gnipc,Gross National Income Per Capita (2021 PPP$),HDI,Human Development Index,13667.458,2003
BRA,Brazil,gnipc,Gross National Income Per Capita (2021 PPP$),HDI,Human Development Index,14319.797,2004
BRA,Brazil,gnipc,Gross National Income Per Capita (2021 PPP$),HDI,Human Development Index,14625.910,2005
BRA,Brazil,gnipc,Gross National Income Per Capita (2021 PPP$),HDI,Human Development Index,15097.842,2006
BRA,Brazil,gnipc,Gross National Income Per Capita (2021 PPP$),HDI,Human Development Index,15909.409,2007
BRA,Brazil,gnipc,Gross National Income Per Capita (2021 PPP$),HDI,Human Development Index,16499.577,2008
BRA,Brazil,gnipc,Gross National Income Per Capita (2021 PPP$),HDI,Human Development Index,16361.899,2009
BRA,Brazil,gnipc,Gross National Income Per Capita (2021 PPP$),HDI,Human Development Index,17266.858,2010
BRA,Brazil,gnipc,Gross National Income Per Capita (2021 PPP$),HDI,Human Development Index,17878.729,2011
BRA,Brazil,gnipc,Gross National Income Per Capita (2021 PPP$),HDI,Human Development Index,18075.399,2012
BRA,Brazil,gnipc,Gross National Income Per Capita (2021 PPP$),HDI,Human Development Index,18668.243,2013
BRA,Brazil,gnipc,Gross National Income Per Capita (2021 PPP$),HDI,Human Development Index,18514.503,2014
BRA,Brazil,gnipc,Gross National Income Per Capita (2021 PPP$),HDI,Human Development Index,17708.304,2015
BRA,Brazil,gnipc,Gross National Income Per Capita (2021 PPP$),HDI,Human Development Index,16949.150,2016
BRA,Brazil,gnipc,Gross National Income Per Capita (2021 PPP$),HDI,Human Development Index,17079.212,2017
BRA,Brazil,gnipc,Gross National Income Per Capita (2021 PPP$),HDI,Human Development Index,17087.873,2018
BRA,Brazil,gnipc,Gross National Income Per Capita (2021 PPP$),HDI,Human Development Index,17183.423,2019
BRA,Brazil,gnipc,Gross National Income Per Capita (2021 PPP$),HDI,Human Development Index,16609.429,2020
BRA,Brazil,gnipc,Gross National Income Per Capita (2021 PPP$),HDI,Human Development Index,17121.542,2021
BRA,Brazil,gnipc,Gross National Income Per Capita (2021 PPP$),HDI,Human Development Index,17593.548,2022
BRA,Brazil,gnipc,Gross National Income Per Capita (2021 PPP$),HDI,Human Development Index,18011.285,2023
BRA,Brazil,hdi_f,HDI female,GDI,Gender Development Index,0.686,2000
BRA,Brazil,hdi_f,HDI female,GDI,Gender Development Index,0.689,2001
BRA,Brazil,hdi_f,HDI female,GDI,Gender Development Index,0.696,2002
BRA,Brazil,hdi_f,HDI female,GDI,Gender Development Index,0.701,2003
BRA,Brazil,hdi_f,HDI female,GDI,Gender Development Index,0.709,2004
BRA,Brazil,hdi_f,HDI female,GDI,Gender Development Index,0.715,2005
BRA,Brazil,hdi_f,HDI female,GDI,Gender Development Index,0.722,2006
BRA,Brazil,hdi_f,HDI female,GDI,Gender Development Index,0.729,2007
BRA,Brazil,hdi_f,HDI female,GDI,Gender Development Index,0.735,2008
BRA,Brazil,hdi_f,HDI female,GDI,Gender Development Index,0.739,2009
BRA,Brazil,hdi_f,HDI female,GDI,Gender Development Index,0.744,2010
BRA,Brazil,hdi_f,HDI female,GDI,Gender Development Index,0.749,2011
BRA,Brazil,hdi_f,HDI female,GDI,Gender Development Index,0.753,2012
BRA,Brazil,hdi_f,HDI female,GDI,Gender Development Index,0.757,2013
BRA,Brazil,hdi_f,HDI female,GDI,Gender Development Index,0.760,2014
BRA,Brazil,hdi_f,HDI female,GDI,Gender Development Index,0.760,2015
BRA,Brazil,hdi_f,HDI female,GDI,Gender Development Index,0.761,2016
BRA,Brazil,hdi_f,HDI female,GDI,Gender Development Index,0.766,2017
BRA,Brazil,hdi_f,HDI female,GDI,Gender Development Index,0.770,2018
BRA,Brazil,hdi_f,HDI female,GDI,Gender Development Index,0.773,2019
BRA,Brazil,hdi_f,HDI female,GDI,Gender Development Index,0.766,2020
BRA,Brazil,hdi_f,HDI female,GDI,Gender Development Index,0.768,2021
BRA,Brazil,hdi_f,HDI female,GDI,Gender Development Index,0.779,2022
BRA,Brazil,hdi_f,HDI female,GDI,Gender Development Index,0.785,2023
BRA,Brazil,hdi_m,HDI male,GDI,Gender Development Index,0.689,2000
BRA,Brazil,hdi_m,HDI male,GDI,Gender Development Index,0.694,2001
BRA,Brazil,hdi_m,HDI male,GDI,Gender Development Index,0.699,2002
BRA,Brazil,hdi_m,HDI male,GDI,Gender Development Index,0.705,2003
BRA,Brazil,hdi_m,HDI male,GDI,Gender Development Index,0.712,2004
BRA,Brazil,hdi_m,HDI male,GDI,Gender Development Index,0.718,2005
BRA,Brazil,hdi_m,HDI male,GDI,Gender Development Index,0.724,2006
BRA,Brazil,hdi_m,HDI male,GDI,Gender Development Index,0.732,2007
BRA,Brazil,hdi_m,HDI male,GDI,Gender Development Index,0.738,2008
BRA,Brazil,hdi_m,HDI male,GDI,Gender Development Index,0.741,2009
BRA,Brazil,hdi_m,HDI male,GDI,Gender Development Index,0.747,2010
BRA,Brazil,hdi_m,HDI male,GDI,Gender Development Index,0.752,2011
BRA,Brazil,hdi_m,HDI male,GDI,Gender Development Index,0.758,2012
BRA,Brazil,hdi_m,HDI male,GDI,Gender Development Index,0.762,2013
BRA,Brazil,hdi_m,HDI male,GDI,Gender Development Index,0.765,2014
BRA,Brazil,hdi_m,HDI male,GDI,Gender Development Index,0.765,2015
BRA,Brazil,hdi_m,HDI male,GDI,Gender Development Index,0.766,2016
BRA,Brazil,hdi_m,HDI male,GDI,Gender Development Index,0.770,2017
BRA,Brazil,hdi_m,HDI male,GDI,Gender Development Index,0.774,2018
BRA,Brazil,hdi_m,HDI male,GDI,Gender Development Index,0.776,2019
BRA,Brazil,hdi_m,HDI male,GDI,Gender Development Index,0.771,2020
BRA,Brazil,hdi_m,HDI male,GDI,Gender Development Index,0.765,2021
BRA,Brazil,hdi_m,HDI male,GDI,Gender Development Index,0.777,2022
BRA,Brazil,hdi_m,HDI male,GDI,Gender Development Index,0.783,2023
BRA,Brazil,hdi_rank,HDI Rank,HDI,Human Development Index,84,2023
BRA,Brazil,housing,Housing (%),MPI,Multidimensional Poverty Index,1.928,2015
BRA,Brazil,ineq_edu,Inequality in eduation,IHDI,Inequality-adjusted Human Development Index,21.083,2010
BRA,Brazil,ineq_edu,Inequality in eduation,IHDI,Inequality-adjusted Human Development Index,22.422,2011
BRA,Brazil,ineq_edu,Inequality in eduation,IHDI,Inequality-adjusted Human Development Index,39.189,2012
BRA,Brazil,ineq_edu,Inequality in eduation,IHDI,Inequality-adjusted Human Development Index,38.568,2013
BRA,Brazil,ineq_edu,Inequality in eduation,IHDI,Inequality-adjusted Human Development Index,37.162,2014
BRA,Brazil,ineq_edu,Inequality in eduation,IHDI,Inequality-adjusted Human Development Index,35.939,2015
BRA,Brazil,ineq_edu,Inequality in eduation,IHDI,Inequality-adjusted Human Development Index,17.906,2016
BRA,Brazil,ineq_edu,Inequality in eduation,IHDI,Inequality-adjusted Human Development Index,16.511,2017
BRA,Brazil,ineq_edu,Inequality in eduation,IHDI,Inequality-adjusted Human Development Index,15.539,2018
BRA,Brazil,ineq_edu,Inequality in eduation,IHDI,Inequality-adjusted Human Development Index,15.147,2019
BRA,Brazil,ineq_edu,Inequality in eduation,IHDI,Inequality-adjusted Human Development Index,13.803,2020
BRA,Brazil,ineq_edu,Inequality in eduation,IHDI,Inequality-adjusted Human Development Index,13.881,2021
BRA,Brazil,ineq_edu,Inequality in eduation,IHDI,Inequality-adjusted Human Development Index,15.055,2022
BRA,Brazil,ineq_edu,Inequality in eduation,IHDI,Inequality-adjusted Human Development Index,15.055,2023
BRA,Brazil,ineq_inc,Inequality in income,IHDI,Inequality-adjusted Human Development Index,37.473,2010
BRA,Brazil,ineq_inc,Inequality in income,IHDI,Inequality-adjusted Human Development Index,36.680,2011
BRA,Brazil,ineq_inc,Inequality in income,IHDI,Inequality-adjusted Human Development Index,36.680,2012
BRA,Brazil,ineq_inc,Inequality in income,IHDI,Inequality-adjusted Human Development Index,35.215,2013
BRA,Brazil,ineq_inc,Inequality in income,IHDI,Inequality-adjusted Human Development Index,35.215,2014
BRA,Brazil,ineq_inc,Inequality in income,IHDI,Inequality-adjusted Human Development Index,35.215,2015
BRA,Brazil,ineq_inc,Inequality in income,IHDI,Inequality-adjusted Human Development Index,41.075,2016
BRA,Brazil,ineq_inc,Inequality in income,IHDI,Inequality-adjusted Human Development Index,42.520,2017
BRA,Brazil,ineq_inc,Inequality in income,IHDI,Inequality-adjusted Human Development Index,43.017,2018
BRA,Brazil,ineq_inc,Inequality in income,IHDI,Inequality-adjusted Human Development Index,42.690,2019
BRA,Brazil,ineq_inc,Inequality in income,IHDI,Inequality-adjusted Human Development Index,39.775,2020
BRA,Brazil,ineq_inc,Inequality in income,IHDI,Inequality-adjusted Human Development Index,43.725,2021
BRA,Brazil,ineq_inc,Inequality in income,IHDI,Inequality-adjusted Human Development Index,43.725,2022
BRA,Brazil,ineq_inc,Inequality in income,IHDI,Inequality-adjusted Human Development Index,43.725,2023
BRA,Brazil,ineq_le,Inequality in life expectancy,IHDI,Inequality-adjusted Human Development Index,12.177,2010
BRA,Brazil,ineq_le,Inequality in life expectancy,IHDI,Inequality-adjusted Human Development Index,11.866,2011
BRA,Brazil,ineq_le,Inequality in life expectancy,IHDI,Inequality-adjusted Human Development Index,11.538,2012
BRA,Brazil,ineq_le,Inequality in life expectancy,IHDI,Inequality-adjusted Human Development Index,11.280,2013
BRA,Brazil,ineq_le,Inequality in life expectancy,IHDI,Inequality-adjusted Human Development Index,11.061,2014
BRA,Brazil,ineq_le,Inequality in life expectancy,IHDI,Inequality-adjusted Human Development Index,10.826,2015
BRA,Brazil,ineq_le,Inequality in life expectancy,IHDI,Inequality-adjusted Human Development Index,10.687,2016
BRA,Brazil,ineq_le,Inequality in life expectancy,IHDI,Inequality-adjusted Human Development Index,10.541,2017
BRA,Brazil,ineq_le,Inequality in life expectancy,IHDI,Inequality-adjusted Human Development Index,10.285,2018
BRA,Brazil,ineq_le,Inequality in life expectancy,IHDI,Inequality-adjusted Human Development Index,10.057,2019
BRA,Brazil,ineq_le,Inequality in life expectancy,IHDI,Inequality-adjusted Human Development Index,9.842,2020
BRA,Brazil,ineq_le,Inequality in life expectancy,IHDI,Inequality-adjusted Human Development Index,9.982,2021
BRA,Brazil,ineq_le,Inequality in life expectancy,IHDI,Inequality-adjusted Human Development Index,9.728,2022
BRA,Brazil,ineq_le,Inequality in life expectancy,IHDI,Inequality-adjusted Human Development Index,9.524,2023
BRA,Brazil,le,Life Expectancy at Birth (years),HDI,Human Development Index,65.862,1990
BRA,Brazil,le,Life Expectancy at Birth (years),HDI,Human Development Index,66.203,1991
BRA,Brazil,le,Life Expectancy at Birth (years),HDI,Human Development Index,66.539,1992
BRA,Brazil,le,Life Expectancy at Birth (years),HDI,Human Development Index,66.892,1993
BRA,Brazil,le,Life Expectancy at Birth (years),HDI,Human Development Index,67.293,1994
BRA,Brazil,le,Life Expectancy at Birth (years),HDI,Human Development Index,67.701,1995
BRA,Brazil,le,Life Expectancy at Birth (years),HDI,Human Development Index,68.108,1996
BRA,Brazil,le,Life Expectancy at Birth (years),HDI,Human Development Index,68.505,1997
BRA,Brazil,le,Life Expectancy at Birth (years),HDI,Human Development Index,68.848,1998
BRA,Brazil,le,Life Expectancy at Birth (years),HDI,Human Development Index,69.211,1999
BRA,Brazil,le,Life Expectancy at Birth (years),HDI,Human Development Index,69.584,2000
BRA,Brazil,le,Life Expectancy at Birth (years),HDI,Human Development Index,69.98,2001
BRA,Brazil,le,Life Expectancy at Birth (years),HDI,Human Development Index,70.396,2002
BRA,Brazil,le,Life Expectancy at Birth (years),HDI,Human Development Index,70.884,2003
BRA,Brazil,le,Life Expectancy at Birth (years),HDI,Human Development Index,71.361,2004
BRA,Brazil,le,Life Expectancy at Birth (years),HDI,Human Development Index,71.832,2005
BRA,Brazil,le,Life Expectancy at Birth (years),HDI,Human Development Index,72.296,2006
BRA,Brazil,le,Life Expectancy at Birth (years),HDI,Human Development Index,72.73,2007
BRA,Brazil,le,Life Expectancy at Birth (years),HDI,Human Development Index,73.111,2008
BRA,Brazil,le,Life Expectancy at Birth (years),HDI,Human Development Index,73.457,2009
BRA,Brazil,le,Life Expectancy at Birth (years),HDI,Human Development Index,73.779,2010
BRA,Brazil,le,Life Expectancy at Birth (years),HDI,Human Development Index,74.047,2011
BRA,Brazil,le,Life Expectancy at Birth (years),HDI,Human Development Index,74.335,2012
BRA,Brazil,le,Life Expectancy at Birth (years),HDI,Human Development Index,74.609,2013
BRA,Brazil,le,Life Expectancy at Birth (years),HDI,Human Development Index,74.823,2014
BRA,Brazil,le,Life Expectancy at Birth (years),HDI,Human Development Index,75.106,2015
BRA,Brazil,le,Life Expectancy at Birth (years),HDI,Human Development Index,75.081,2016
BRA,Brazil,le,Life Expectancy at Birth (years),HDI,Human Development Index,75.383,2017
BRA,Brazil,le,Life Expectancy at Birth (years),HDI,Human Development Index,75.633,2018
BRA,Brazil,le,Life Expectancy at Birth (years),HDI,Human Development Index,75.809,2019
BRA,Brazil,le,Life Expectancy at Birth (years),HDI,Human Development Index,74.506,2020
BRA,Brazil,le,Life Expectancy at Birth (years),HDI,Human Development Index,73.038,2021
BRA,Brazil,le,Life Expectancy at Birth (years),HDI,Human Development Index,74.872,2022
BRA,Brazil,le,Life Expectancy at Birth (years),HDI,Human Development Index,75.848,2023
BRA,Brazil,le_f,"Life Expectancy at Birth, female (years)",GDI,Gender Development Index,68.706,1990
BRA,Brazil,le_f,"Life Expectancy at Birth, female (years)",GDI,Gender Development Index,69.187,1991
BRA,Brazil,le_f,"Life Expectancy at Birth, female (years)",GDI,Gender Development Index,69.667,1992
BRA,Brazil,le_f,"Life Expectancy at Birth, female (years)",GDI,Gender Development Index,70.108,1993
BRA,Brazil,le_f,"Life Expectancy at Birth, female (years)",GDI,Gender Development Index,70.527,1994
BRA,Brazil,le_f,"Life Expectancy at Birth, female (years)",GDI,Gender Development Index,70.947,1995
BRA,Brazil,le_f,"Life Expectancy at Birth, female (years)",GDI,Gender Development Index,71.367,1996
BRA,Brazil,le_f,"Life Expectancy at Birth, female (years)",GDI,Gender Development Index,71.779,1997
BRA,Brazil,le_f,"Life Expectancy at Birth, female (years)",GDI,Gender Development Index,72.152,1998
BRA,Brazil,le_f,"Life Expectancy at Birth, female (years)",GDI,Gender Development Index,72.546,1999
BRA,Brazil,le_f,"Life Expectancy at Birth, female (years)",GDI,Gender Development Index,72.96,2000
BRA,Brazil,le_f,"Life Expectancy at Birth, female (years)",GDI,Gender Development Index,73.4,2001
BRA,Brazil,le_f,"Life Expectancy at Birth, female (years)",GDI,Gender Development Index,73.843,2002
BRA,Brazil,le_f,"Life Expectancy at Birth, female (years)",GDI,Gender Development Index,74.337,2003
BRA,Brazil,le_f,"Life Expectancy at Birth, female (years)",GDI,Gender Development Index,74.824,2004
BRA,Brazil,le_f,"Life Expectancy at Birth, female (years)",GDI,Gender Development Index,75.292,2005
BRA,Brazil,le_f,"Life Expectancy at Birth, female (years)",GDI,Gender Development Index,75.744,2006
BRA,Brazil,le_f,"Life Expectancy at Birth, female (years)",GDI,Gender Development Index,76.191,2007
BRA,Brazil,le_f,"Life Expectancy at Birth, female (years)",GDI,Gender Development Index,76.585,2008
BRA,Brazil,le_f,"Life Expectancy at Birth, female (years)",GDI,Gender Development Index,76.93,2009
BRA,Brazil,le_f,"Life Expectancy at Birth, female (years)",GDI,Gender Development Index,77.257,2010
BRA,Brazil,le_f,"Life Expectancy at Birth, female (years)",GDI,Gender Development Index,77.532,2011
BRA,Brazil,le_f,"Life Expectancy at Birth, female (years)",GDI,Gender Development Index,77.816,2012
BRA,Brazil,le_f,"Life Expectancy at Birth, female (years)",GDI,Gender Development Index,78.062,2013
BRA,Brazil,le_f,"Life Expectancy at Birth, female (years)",GDI,Gender Development Index,78.273,2014
BRA,Brazil,le_f,"Life Expectancy at Birth, female (years)",GDI,Gender Development Index,78.472,2015
BRA,Brazil,le_f,"Life Expectancy at Birth, female (years)",GDI,Gender Development Index,78.539,2016
BRA,Brazil,le_f,"Life Expectancy at Birth, female (years)",GDI,Gender Development Index,78.781,2017
BRA,Brazil,le_f,"Life Expectancy at Birth, female (years)",GDI,Gender Development Index,78.977,2018
BRA,Brazil,le_f,"Life Expectancy at Birth, female (years)",GDI,Gender Development Index,79.023,2019
BRA,Brazil,le_f,"Life Expectancy at Birth, female (years)",GDI,Gender Development Index,77.599,2020
BRA,Brazil,le_f,"Life Expectancy at Birth, female (years)",GDI,Gender Development Index,76.401,2021
BRA,Brazil,le_f,"Life Expectancy at Birth, female (years)",GDI,Gender Development Index,78.094,2022
BRA,Brazil,le_f,"Life Expectancy at Birth, female (years)",GDI,Gender Development Index,78.983,2023
BRA,Brazil,le_m,"Life Expectancy at Birth, male (years)",GDI,Gender Development Index,63.133,1990
BRA,Brazil,le_m,"Life Expectancy at Birth, male (years)",GDI,Gender Development Index,63.348,1991
BRA,Brazil,le_m,"Life Expectancy at Birth, male (years)",GDI,Gender Development Index,63.557,1992
BRA,Brazil,le_m,"Life Expectancy at Birth, male (years)",GDI,Gender Development Index,63.831,1993
BRA,Brazil,le_m,"Life Expectancy at Birth, male (years)",GDI,Gender Development Index,64.21,1994
BRA,Brazil,le_m,"Life Expectancy at Birth, male (years)",GDI,Gender Development Index,64.6,1995
BRA,Brazil,le_m,"Life Expectancy at Birth, male (years)",GDI,Gender Development Index,64.992,1996
BRA,Brazil,le_m,"Life Expectancy at Birth, male (years)",GDI,Gender Development Index,65.37,1997
BRA,Brazil,le_m,"Life Expectancy at Birth, male (years)",GDI,Gender Development Index,65.683,1998
BRA,Brazil,le_m,"Life Expectancy at Birth, male (years)",GDI,Gender Development Index,66.014,1999
BRA,Brazil,le_m,"Life Expectancy at Birth, male (years)",GDI,Gender Development Index,66.347,2000
BRA,Brazil,le_m,"Life Expectancy at Birth, male (years)",GDI,Gender Development Index,66.699,2001
BRA,Brazil,le_m,"Life Expectancy at Birth, male (years)",GDI,Gender Development Index,67.085,2002
BRA,Brazil,le_m,"Life Expectancy at Birth, male (years)",GDI,Gender Development Index,67.558,2003
BRA,Brazil,le_m,"Life Expectancy at Birth, male (years)",GDI,Gender Development Index,68.019,2004
BRA,Brazil,le_m,"Life Expectancy at Birth, male (years)",GDI,Gender Development Index,68.485,2005
BRA,Brazil,le_m,"Life Expectancy at Birth, male (years)",GDI,Gender Development Index,68.953,2006
BRA,Brazil,le_m,"Life Expectancy at Birth, male (years)",GDI,Gender Development Index,69.368,2007
BRA,Brazil,le_m,"Life Expectancy at Birth, male (years)",GDI,Gender Development Index,69.733,2008
BRA,Brazil,le_m,"Life Expectancy at Birth, male (years)",GDI,Gender Development Index,70.076,2009
BRA,Brazil,le_m,"Life Expectancy at Birth, male (years)",GDI,Gender Development Index,70.392,2010
BRA,Brazil,le_m,"Life Expectancy at Birth, male (years)",GDI,Gender Development Index,70.654,2011
BRA,Brazil,le_m,"Life Expectancy at Birth, male (years)",GDI,Gender Development Index,70.945,2012
BRA,Brazil,le_m,"Life Expectancy at Birth, male (years)",GDI,Gender Development Index,71.246,2013
BRA,Brazil,le_m,"Life Expectancy at Birth, male (years)",GDI,Gender Development Index,71.462,2014
BRA,Brazil,le_m,"Life Expectancy at Birth, male (years)",GDI,Gender Development Index,71.818,2015
BRA,Brazil,le_m,"Life Expectancy at Birth, male (years)",GDI,Gender Development Index,71.716,2016
BRA,Brazil,le_m,"Life Expectancy at Birth, male (years)",GDI,Gender Development Index,72.069,2017
BRA,Brazil,le_m,"Life Expectancy at Birth, male (years)",GDI,Gender Development Index,72.365,2018
BRA,Brazil,le_m,"Life Expectancy at Birth, male (years)",GDI,Gender Development Index,72.653,2019
BRA,Brazil,le_m,"Life Expectancy at Birth, male (years)",GDI,Gender Development Index,71.537,2020
BRA,Brazil,le_m,"Life Expectancy at Birth, male (years)",GDI,Gender Development Index,69.81,2021
BRA,Brazil,le_m,"Life Expectancy at Birth, male (years)",GDI,Gender Development Index,71.73,2022
BRA,Brazil,le_m,"Life Expectancy at Birth, male (years)",GDI,Gender Development Index,72.76,2023
BRA,Brazil,lfpr_f,"Labour force participation rate, female (% ages 15 and older)",GII,Gender Inequality Index,44.95,1990
BRA,Brazil,lfpr_f,"Labour force participation rate, female (% ages 15 and older)",GII,Gender Inequality Index,44.02,1991
BRA,Brazil,lfpr_f,"Labour force participation rate, female (% ages 15 and older)",GII,Gender Inequality Index,53.18,1992
BRA,Brazil,lfpr_f,"Labour force participation rate, female (% ages 15 and older)",GII,Gender Inequality Index,52.53,1993
BRA,Brazil,lfpr_f,"Labour force participation rate, female (% ages 15 and older)",GII,Gender Inequality Index,51.38,1994
BRA,Brazil,lfpr_f,"Labour force participation rate, female (% ages 15 and older)",GII,Gender Inequality Index,50.24,1995
BRA,Brazil,lfpr_f,"Labour force participation rate, female (% ages 15 and older)",GII,Gender Inequality Index,49,1996
BRA,Brazil,lfpr_f,"Labour force participation rate, female (% ages 15 and older)",GII,Gender Inequality Index,50.04,1997
BRA,Brazil,lfpr_f,"Labour force participation rate, female (% ages 15 and older)",GII,Gender Inequality Index,50.77,1998
BRA,Brazil,lfpr_f,"Labour force participation rate, female (% ages 15 and older)",GII,Gender Inequality Index,52.06,1999
BRA,Brazil,lfpr_f,"Labour force participation rate, female (% ages 15 and older)",GII,Gender Inequality Index,53.22,2000
BRA,Brazil,lfpr_f,"Labour force participation rate, female (% ages 15 and older)",GII,Gender Inequality Index,54.39,2001
BRA,Brazil,lfpr_f,"Labour force participation rate, female (% ages 15 and older)",GII,Gender Inequality Index,55.91,2002
BRA,Brazil,lfpr_f,"Labour force participation rate, female (% ages 15 and older)",GII,Gender Inequality Index,56.02,2003
BRA,Brazil,lfpr_f,"Labour force participation rate, female (% ages 15 and older)",GII,Gender Inequality Index,56.95,2004
BRA,Brazil,lfpr_f,"Labour force participation rate, female (% ages 15 and older)",GII,Gender Inequality Index,58.11,2005
BRA,Brazil,lfpr_f,"Labour force participation rate, female (% ages 15 and older)",GII,Gender Inequality Index,57.83,2006
BRA,Brazil,lfpr_f,"Labour force participation rate, female (% ages 15 and older)",GII,Gender Inequality Index,57.58,2007
BRA,Brazil,lfpr_f,"Labour force participation rate, female (% ages 15 and older)",GII,Gender Inequality Index,57.21,2008
BRA,Brazil,lfpr_f,"Labour force participation rate, female (% ages 15 and older)",GII,Gender Inequality Index,57.71,2009
BRA,Brazil,lfpr_f,"Labour force participation rate, female (% ages 15 and older)",GII,Gender Inequality Index,56.2,2010
BRA,Brazil,lfpr_f,"Labour force participation rate, female (% ages 15 and older)",GII,Gender Inequality Index,54.69,2011
BRA,Brazil,lfpr_f,"Labour force participation rate, female (% ages 15 and older)",GII,Gender Inequality Index,52.47,2012
BRA,Brazil,lfpr_f,"Labour force participation rate, female (% ages 15 and older)",GII,Gender Inequality Index,52.45,2013
BRA,Brazil,lfpr_f,"Labour force participation rate, female (% ages 15 and older)",GII,Gender Inequality Index,52.38,2014
BRA,Brazil,lfpr_f,"Labour force participation rate, female (% ages 15 and older)",GII,Gender Inequality Index,53.03,2015
BRA,Brazil,lfpr_f,"Labour force participation rate, female (% ages 15 and older)",GII,Gender Inequality Index,53.28,2016
BRA,Brazil,lfpr_f,"Labour force participation rate, female (% ages 15 and older)",GII,Gender Inequality Index,54.15,2017
BRA,Brazil,lfpr_f,"Labour force participation rate, female (% ages 15 and older)",GII,Gender Inequality Index,54.43,2018
BRA,Brazil,lfpr_f,"Labour force participation rate, female (% ages 15 and older)",GII,Gender Inequality Index,55.2,2019
BRA,Brazil,lfpr_f,"Labour force participation rate, female (% ages 15 and older)",GII,Gender Inequality Index,50.25,2020
BRA,Brazil,lfpr_f,"Labour force participation rate, female (% ages 15 and older)",GII,Gender Inequality Index,52.37,2021
BRA,Brazil,lfpr_f,"Labour force participation rate, female (% ages 15 and older)",GII,Gender Inequality Index,53.75,2022
BRA,Brazil,lfpr_f,"Labour force participation rate, female (% ages 15 and older)",GII,Gender Inequality Index,53.1,2023
BRA,Brazil,lfpr_m,"Labour force participation rate, male (% ages 15 and older)",GII,Gender Inequality Index,85.02,1990
BRA,Brazil,lfpr_m,"Labour force participation rate, male (% ages 15 and older)",GII,Gender Inequality Index,84.57,1991
BRA,Brazil,lfpr_m,"Labour force participation rate, male (% ages 15 and older)",GII,Gender Inequality Index,85.84,1992
BRA,Brazil,lfpr_m,"Labour force participation rate, male (% ages 15 and older)",GII,Gender Inequality Index,84.92,1993
BRA,Brazil,lfpr_m,"Labour force participation rate, male (% ages 15 and older)",GII,Gender Inequality Index,84.43,1994
BRA,Brazil,lfpr_m,"Labour force participation rate, male (% ages 15 and older)",GII,Gender Inequality Index,83.94,1995
BRA,Brazil,lfpr_m,"Labour force participation rate, male (% ages 15 and older)",GII,Gender Inequality Index,81.67,1996
BRA,Brazil,lfpr_m,"Labour force participation rate, male (% ages 15 and older)",GII,Gender Inequality Index,82.41,1997
BRA,Brazil,lfpr_m,"Labour force participation rate, male (% ages 15 and older)",GII,Gender Inequality Index,81.89,1998
BRA,Brazil,lfpr_m,"Labour force participation rate, male (% ages 15 and older)",GII,Gender Inequality Index,81.79,1999
BRA,Brazil,lfpr_m,"Labour force participation rate, male (% ages 15 and older)",GII,Gender Inequality Index,81.28,2000
BRA,Brazil,lfpr_m,"Labour force participation rate, male (% ages 15 and older)",GII,Gender Inequality Index,80.78,2001
BRA,Brazil,lfpr_m,"Labour force participation rate, male (% ages 15 and older)",GII,Gender Inequality Index,80.92,2002
BRA,Brazil,lfpr_m,"Labour force participation rate, male (% ages 15 and older)",GII,Gender Inequality Index,80.5,2003
BRA,Brazil,lfpr_m,"Labour force participation rate, male (% ages 15 and older)",GII,Gender Inequality Index,80.64,2004
BRA,Brazil,lfpr_m,"Labour force participation rate, male (% ages 15 and older)",GII,Gender Inequality Index,80.75,2005
BRA,Brazil,lfpr_m,"Labour force participation rate, male (% ages 15 and older)",GII,Gender Inequality Index,80.41,2006
BRA,Brazil,lfpr_m,"Labour force participation rate, male (% ages 15 and older)",GII,Gender Inequality Index,79.81,2007
BRA,Brazil,lfpr_m,"Labour force participation rate, male (% ages 15 and older)",GII,Gender Inequality Index,79.77,2008
BRA,Brazil,lfpr_m,"Labour force participation rate, male (% ages 15 and older)",GII,Gender Inequality Index,79.66,2009
BRA,Brazil,lfpr_m,"Labour force participation rate, male (% ages 15 and older)",GII,Gender Inequality Index,78.67,2010
BRA,Brazil,lfpr_m,"Labour force participation rate, male (% ages 15 and older)",GII,Gender Inequality Index,77.68,2011
BRA,Brazil,lfpr_m,"Labour force participation rate, male (% ages 15 and older)",GII,Gender Inequality Index,75.88,2012
BRA,Brazil,lfpr_m,"Labour force participation rate, male (% ages 15 and older)",GII,Gender Inequality Index,75.79,2013
BRA,Brazil,lfpr_m,"Labour force participation rate, male (% ages 15 and older)",GII,Gender Inequality Index,75.42,2014
BRA,Brazil,lfpr_m,"Labour force participation rate, male (% ages 15 and older)",GII,Gender Inequality Index,75.33,2015
BRA,Brazil,lfpr_m,"Labour force participation rate, male (% ages 15 and older)",GII,Gender Inequality Index,75.22,2016
BRA,Brazil,lfpr_m,"Labour force participation rate, male (% ages 15 and older)",GII,Gender Inequality Index,74.91,2017
BRA,Brazil,lfpr_m,"Labour force participation rate, male (% ages 15 and older)",GII,Gender Inequality Index,74.71,2018
BRA,Brazil,lfpr_m,"Labour force participation rate, male (% ages 15 and older)",GII,Gender Inequality Index,74.81,2019
BRA,Brazil,lfpr_m,"Labour force participation rate, male (% ages 15 and older)",GII,Gender Inequality Index,71.04,2020
BRA,Brazil,lfpr_m,"Labour force participation rate, male (% ages 15 and older)",GII,Gender Inequality Index,72.87,2021
BRA,Brazil,lfpr_m,"Labour force participation rate, male (% ages 15 and older)",GII,Gender Inequality Index,73.64,2022
BRA,Brazil,lfpr_m,"Labour force participation rate, male (% ages 15 and older)",GII,Gender Inequality Index,73.1,2023
BRA,Brazil,loss,Overall loss (%),IHDI,Inequality-adjusted Human Development Index,24.332,2010
BRA,Brazil,loss,Overall loss (%),IHDI,Inequality-adjusted Human Development Index,24.436,2011
BRA,Brazil,loss,Overall loss (%),IHDI,Inequality-adjusted Human Development Index,30.211,2012
BRA,Brazil,loss,Overall loss (%),IHDI,Inequality-adjusted Human Development Index,29.265,2013
BRA,Brazil,loss,Overall loss (%),IHDI,Inequality-adjusted Human Development Index,28.758,2014
BRA,Brazil,loss,Overall loss (%),IHDI,Inequality-adjusted Human Development Index,28.141,2015
BRA,Brazil,loss,Overall loss (%),IHDI,Inequality-adjusted Human Development Index,24.314,2016
BRA,Brazil,loss,Overall loss (%),IHDI,Inequality-adjusted Human Development Index,24.545,2017
BRA,Brazil,loss,Overall loss (%),IHDI,Inequality-adjusted Human Development Index,24.419,2018
BRA,Brazil,loss,Overall loss (%),IHDI,Inequality-adjusted Human Development Index,24.098,2019
BRA,Brazil,loss,Overall loss (%),IHDI,Inequality-adjusted Human Development Index,22.338,2020
BRA,Brazil,loss,Overall loss (%),IHDI,Inequality-adjusted Human Development Index,24.219,2021
BRA,Brazil,loss,Overall loss (%),IHDI,Inequality-adjusted Human Development Index,24.487,2022
BRA,Brazil,loss,Overall loss (%),IHDI,Inequality-adjusted Human Development Index,24.427,2023
BRA,Brazil,mf,Material footprint per capita (tonnes),PHDI,Planetary pressures–adjusted Human Development Index,12.021,1990
BRA,Brazil,mf,Material footprint per capita (tonnes),PHDI,Planetary pressures–adjusted Human Development Index,11.73,1991
BRA,Brazil,mf,Material footprint per capita (tonnes),PHDI,Planetary pressures–adjusted Human Development Index,11.620,1992
BRA,Brazil,mf,Material footprint per capita (tonnes),PHDI,Planetary pressures–adjusted Human Development Index,11.007,1993
BRA,Brazil,mf,Material footprint per capita (tonnes),PHDI,Planetary pressures–adjusted Human Development Index,11.548,1994
BRA,Brazil,mf,Material footprint per capita (tonnes),PHDI,Planetary pressures–adjusted Human Development Index,11.949,1995
BRA,Brazil,mf,Material footprint per capita (tonnes),PHDI,Planetary pressures–adjusted Human Development Index,11.870,1996
BRA,Brazil,mf,Material footprint per capita (tonnes),PHDI,Planetary pressures–adjusted Human Development Index,12.173,1997
BRA,Brazil,mf,Material footprint per capita (tonnes),PHDI,Planetary pressures–adjusted Human Development Index,12.342,1998
BRA,Brazil,mf,Material footprint per capita (tonnes),PHDI,Planetary pressures–adjusted Human Development Index,11.758,1999
BRA,Brazil,mf,Material footprint per capita (tonnes),PHDI,Planetary pressures–adjusted Human Development Index,11.658,2000
BRA,Brazil,mf,Material footprint per capita (tonnes),PHDI,Planetary pressures–adjusted Human Development Index,11.628,2001
BRA,Brazil,mf,Material footprint per capita (tonnes),PHDI,Planetary pressures–adjusted Human Development Index,11.593,2002
BRA,Brazil,mf,Material footprint per capita (tonnes),PHDI,Planetary pressures–adjusted Human Development Index,11.770,2003
BRA,Brazil,mf,Material footprint per capita (tonnes),PHDI,Planetary pressures–adjusted Human Development Index,11.921,2004
BRA,Brazil,mf,Material footprint per capita (tonnes),PHDI,Planetary pressures–adjusted Human Development Index,12.248,2005
BRA,Brazil,mf,Material footprint per capita (tonnes),PHDI,Planetary pressures–adjusted Human Development Index,13.292,2006
BRA,Brazil,mf,Material footprint per capita (tonnes),PHDI,Planetary pressures–adjusted Human Development Index,14.796,2007
BRA,Brazil,mf,Material footprint per capita (tonnes),PHDI,Planetary pressures–adjusted Human Development Index,16.103,2008
BRA,Brazil,mf,Material footprint per capita (tonnes),PHDI,Planetary pressures–adjusted Human Development Index,15.899,2009
BRA,Brazil,mf,Material footprint per capita (tonnes),PHDI,Planetary pressures–adjusted Human Development Index,17.311,2010
BRA,Brazil,mf,Material footprint per capita (tonnes),PHDI,Planetary pressures–adjusted Human Development Index,18.998,2011
BRA,Brazil,mf,Material footprint per capita (tonnes),PHDI,Planetary pressures–adjusted Human Development Index,19.005,2012
BRA,Brazil,mf,Material footprint per capita (tonnes),PHDI,Planetary pressures–adjusted Human Development Index,19.438,2013
BRA,Brazil,mf,Material footprint per capita (tonnes),PHDI,Planetary pressures–adjusted Human Development Index,18.700,2014
BRA,Brazil,mf,Material footprint per capita (tonnes),PHDI,Planetary pressures–adjusted Human Development Index,17.535,2015
BRA,Brazil,mf,Material footprint per capita (tonnes),PHDI,Planetary pressures–adjusted Human Development Index,17.316,2016
BRA,Brazil,mf,Material footprint per capita (tonnes),PHDI,Planetary pressures–adjusted Human Development Index,17.141,2017
BRA,Brazil,mf,Material footprint per capita (tonnes),PHDI,Planetary pressures–adjusted Human Development Index,16.694,2018
BRA,Brazil,mf,Material footprint per capita (tonnes),PHDI,Planetary pressures–adjusted Human Development Index,16.927,2019
BRA,Brazil,mf,Material footprint per capita (tonnes),PHDI,Planetary pressures–adjusted Human Development Index,16.795,2020
BRA,Brazil,mf,Material footprint per capita (tonnes),PHDI,Planetary pressures–adjusted Human Development Index,16.294,2021
BRA,Brazil,mf,Material footprint per capita (tonnes),PHDI,Planetary pressures–adjusted Human Development Index,16.483,2022
BRA,Brazil,mf,Material footprint per capita (tonnes),PHDI,Planetary pressures–adjusted Human Development Index,16.581,2023
BRA,Brazil,mmr,"Maternal Mortality Ratio (deaths per 100,000 live births)",GII,Gender Inequality Index,194.282,1990
BRA,Brazil,mmr,"Maternal Mortality Ratio (deaths per 100,000 live births)",GII,Gender Inequality Index,175.606,1991
BRA,Brazil,mmr,"Maternal Mortality Ratio (deaths per 100,000 live births)",GII,Gender Inequality Index,169.705,1992
BRA,Brazil,mmr,"Maternal Mortality Ratio (deaths per 100,000 live births)",GII,Gender Inequality Index,158.888,1993
BRA,Brazil,mmr,"Maternal Mortality Ratio (deaths per 100,000 live births)",GII,Gender Inequality Index,146.642,1994
BRA,Brazil,mmr,"Maternal Mortality Ratio (deaths per 100,000 live births)",GII,Gender Inequality Index,121.074,1995
BRA,Brazil,mmr,"Maternal Mortality Ratio (deaths per 100,000 live births)",GII,Gender Inequality Index,110.070,1996
BRA,Brazil,mmr,"Maternal Mortality Ratio (deaths per 100,000 live births)",GII,Gender Inequality Index,99.536,1997
BRA,Brazil,mmr,"Maternal Mortality Ratio (deaths per 100,000 live births)",GII,Gender Inequality Index,89.936,1998
BRA,Brazil,mmr,"Maternal Mortality Ratio (deaths per 100,000 live births)",GII,Gender Inequality Index,74.078,1999
BRA,Brazil,mmr,"Maternal Mortality Ratio (deaths per 100,000 live births)",GII,Gender Inequality Index,68.400,2000
BRA,Brazil,mmr,"Maternal Mortality Ratio (deaths per 100,000 live births)",GII,Gender Inequality Index,67.920,2001
BRA,Brazil,mmr,"Maternal Mortality Ratio (deaths per 100,000 live births)",GII,Gender Inequality Index,72.377,2002
BRA,Brazil,mmr,"Maternal Mortality Ratio (deaths per 100,000 live births)",GII,Gender Inequality Index,68.843,2003
BRA,Brazil,mmr,"Maternal Mortality Ratio (deaths per 100,000 live births)",GII,Gender Inequality Index,69.773,2004
BRA,Brazil,mmr,"Maternal Mortality Ratio (deaths per 100,000 live births)",GII,Gender Inequality Index,69.968,2005
BRA,Brazil,mmr,"Maternal Mortality Ratio (deaths per 100,000 live births)",GII,Gender Inequality Index,71.324,2006
BRA,Brazil,mmr,"Maternal Mortality Ratio (deaths per 100,000 live births)",GII,Gender Inequality Index,72.025,2007
BRA,Brazil,mmr,"Maternal Mortality Ratio (deaths per 100,000 live births)",GII,Gender Inequality Index,70.489,2008
BRA,Brazil,mmr,"Maternal Mortality Ratio (deaths per 100,000 live births)",GII,Gender Inequality Index,67.934,2009
BRA,Brazil,mmr,"Maternal Mortality Ratio (deaths per 100,000 live births)",GII,Gender Inequality Index,63.855,2010
BRA,Brazil,mmr,"Maternal Mortality Ratio (deaths per 100,000 live births)",GII,Gender Inequality Index,61.941,2011
BRA,Brazil,mmr,"Maternal Mortality Ratio (deaths per 100,000 live births)",GII,Gender Inequality Index,56.877,2012
BRA,Brazil,mmr,"Maternal Mortality Ratio (deaths per 100,000 live births)",GII,Gender Inequality Index,60.869,2013
BRA,Brazil,mmr,"Maternal Mortality Ratio (deaths per 100,000 live births)",GII,Gender Inequality Index,62.283,2014
BRA,Brazil,mmr,"Maternal Mortality Ratio (deaths per 100,000 live births)",GII,Gender Inequality Index,62.176,2015
BRA,Brazil,mmr,"Maternal Mortality Ratio (deaths per 100,000 live births)",GII,Gender Inequality Index,62.714,2016
BRA,Brazil,mmr,"Maternal Mortality Ratio (deaths per 100,000 live births)",GII,Gender Inequality Index,59.704,2017
BRA,Brazil,mmr,"Maternal Mortality Ratio (deaths per 100,000 live births)",GII,Gender Inequality Index,59.183,2018
BRA,Brazil,mmr,"Maternal Mortality Ratio (deaths per 100,000 live births)",GII,Gender Inequality Index,60.735,2019
BRA,Brazil,mmr,"Maternal Mortality Ratio (deaths per 100,000 live births)",GII,Gender Inequality Index,72.148,2020
BRA,Brazil,mmr,"Maternal Mortality Ratio (deaths per 100,000 live births)",GII,Gender Inequality Index,72.148,2021
BRA,Brazil,mmr,"Maternal Mortality Ratio (deaths per 100,000 live births)",GII,Gender Inequality Index,72.148,2022
BRA,Brazil,mmr,"Maternal Mortality Ratio (deaths per 100,000 live births)",GII,Gender Inequality Index,72.148,2023
BRA,Brazil,mpi_value,MPI Value (Range: 0 to 1),MPI,Multidimensional Poverty Index,0.016,2015
BRA,Brazil,mys,Mean Years of Schooling (years),HDI,Human Development Index,3.685,1990
BRA,Brazil,mys,Mean Years of Schooling (years),HDI,Human Development Index,3.831,1991
BRA,Brazil,mys,Mean Years of Schooling (years),HDI,Human Development Index,3.977,1992
BRA,Brazil,mys,Mean Years of Schooling (years),HDI,Human Development Index,4.123,1993
BRA,Brazil,mys,Mean Years of Schooling (years),HDI,Human Development Index,4.269,1994
BRA,Brazil,mys,Mean Years of Schooling (years),HDI,Human Development Index,4.415,1995
BRA,Brazil,mys,Mean Years of Schooling (years),HDI,Human Development Index,4.586,1996
BRA,Brazil,mys,Mean Years of Schooling (years),HDI,Human Development Index,4.758,1997
BRA,Brazil,mys,Mean Years of Schooling (years),HDI,Human Development Index,4.929,1998
BRA,Brazil,mys,Mean Years of Schooling (years),HDI,Human Development Index,5.101,1999
BRA,Brazil,mys,Mean Years of Schooling (years),HDI,Human Development Index,5.272,2000
BRA,Brazil,mys,Mean Years of Schooling (years),HDI,Human Development Index,5.449,2001
BRA,Brazil,mys,Mean Years of Schooling (years),HDI,Human Development Index,5.626,2002
BRA,Brazil,mys,Mean Years of Schooling (years),HDI,Human Development Index,5.803,2003
BRA,Brazil,mys,Mean Years of Schooling (years),HDI,Human Development Index,5.980,2004
BRA,Brazil,mys,Mean Years of Schooling (years),HDI,Human Development Index,6.150,2005
BRA,Brazil,mys,Mean Years of Schooling (years),HDI,Human Development Index,6.320,2006
BRA,Brazil,mys,Mean Years of Schooling (years),HDI,Human Development Index,6.5,2007
BRA,Brazil,mys,Mean Years of Schooling (years),HDI,Human Development Index,6.670,2008
BRA,Brazil,mys,Mean Years of Schooling (years),HDI,Human Development Index,6.770,2009
BRA,Brazil,mys,Mean Years of Schooling (years),HDI,Human Development Index,6.880,2010
BRA,Brazil,mys,Mean Years of Schooling (years),HDI,Human Development Index,7.010,2011
BRA,Brazil,mys,Mean Years of Schooling (years),HDI,Human Development Index,7.220,2012
BRA,Brazil,mys,Mean Years of Schooling (years),HDI,Human Development Index,7.290,2013
BRA,Brazil,mys,Mean Years of Schooling (years),HDI,Human Development Index,7.380,2014
BRA,Brazil,mys,Mean Years of Schooling (years),HDI,Human Development Index,7.510,2015
BRA,Brazil,mys,Mean Years of Schooling (years),HDI,Human Development Index,7.730,2016
BRA,Brazil,mys,Mean Years of Schooling (years),HDI,Human Development Index,7.850,2017
BRA,Brazil,mys,Mean Years of Schooling (years),HDI,Human Development Index,7.980,2018
BRA,Brazil,mys,Mean Years of Schooling (years),HDI,Human Development Index,8.126,2019
BRA,Brazil,mys,Mean Years of Schooling (years),HDI,Human Development Index,8.274,2020
BRA,Brazil,mys,Mean Years of Schooling (years),HDI,Human Development Index,8.425,2021
BRA,Brazil,mys,Mean Years of Schooling (years),HDI,Human Development Index,8.425,2022
BRA,Brazil,mys,Mean Years of Schooling (years),HDI,Human Development Index,8.425,2023
BRA,Brazil,mys_f,"Mean Years of Schooling, female (years)",GDI,Gender Development Index,3.795,1990
BRA,Brazil,mys_f,"Mean Years of Schooling, female (years)",GDI,Gender Development Index,3.957,1991
BRA,Brazil,mys_f,"Mean Years of Schooling, female (years)",GDI,Gender Development Index,4.120,1992
BRA,Brazil,mys_f,"Mean Years of Schooling, female (years)",GDI,Gender Development Index,4.282,1993
BRA,Brazil,mys_f,"Mean Years of Schooling, female (years)",GDI,Gender Development Index,4.444,1994
BRA,Brazil,mys_f,"Mean Years of Schooling, female (years)",GDI,Gender Development Index,4.607,1995
BRA,Brazil,mys_f,"Mean Years of Schooling, female (years)",GDI,Gender Development Index,4.771,1996
BRA,Brazil,mys_f,"Mean Years of Schooling, female (years)",GDI,Gender Development Index,4.935,1997
BRA,Brazil,mys_f,"Mean Years of Schooling, female (years)",GDI,Gender Development Index,5.099,1998
BRA,Brazil,mys_f,"Mean Years of Schooling, female (years)",GDI,Gender Development Index,5.264,1999
BRA,Brazil,mys_f,"Mean Years of Schooling, female (years)",GDI,Gender Development Index,5.428,2000
BRA,Brazil,mys_f,"Mean Years of Schooling, female (years)",GDI,Gender Development Index,5.588,2001
BRA,Brazil,mys_f,"Mean Years of Schooling, female (years)",GDI,Gender Development Index,5.749,2002
BRA,Brazil,mys_f,"Mean Years of Schooling, female (years)",GDI,Gender Development Index,5.909,2003
BRA,Brazil,mys_f,"Mean Years of Schooling, female (years)",GDI,Gender Development Index,6.070,2004
BRA,Brazil,mys_f,"Mean Years of Schooling, female (years)",GDI,Gender Development Index,6.25,2005
BRA,Brazil,mys_f,"Mean Years of Schooling, female (years)",GDI,Gender Development Index,6.430,2006
BRA,Brazil,mys_f,"Mean Years of Schooling, female (years)",GDI,Gender Development Index,6.610,2007
BRA,Brazil,mys_f,"Mean Years of Schooling, female (years)",GDI,Gender Development Index,6.790,2008
BRA,Brazil,mys_f,"Mean Years of Schooling, female (years)",GDI,Gender Development Index,6.890,2009
BRA,Brazil,mys_f,"Mean Years of Schooling, female (years)",GDI,Gender Development Index,7.040,2010
BRA,Brazil,mys_f,"Mean Years of Schooling, female (years)",GDI,Gender Development Index,7.160,2011
BRA,Brazil,mys_f,"Mean Years of Schooling, female (years)",GDI,Gender Development Index,7.380,2012
BRA,Brazil,mys_f,"Mean Years of Schooling, female (years)",GDI,Gender Development Index,7.480,2013
BRA,Brazil,mys_f,"Mean Years of Schooling, female (years)",GDI,Gender Development Index,7.580,2014
BRA,Brazil,mys_f,"Mean Years of Schooling, female (years)",GDI,Gender Development Index,7.700,2015
BRA,Brazil,mys_f,"Mean Years of Schooling, female (years)",GDI,Gender Development Index,7.910,2016
BRA,Brazil,mys_f,"Mean Years of Schooling, female (years)",GDI,Gender Development Index,8.050,2017
BRA,Brazil,mys_f,"Mean Years of Schooling, female (years)",GDI,Gender Development Index,8.180,2018
BRA,Brazil,mys_f,"Mean Years of Schooling, female (years)",GDI,Gender Development Index,8.328,2019
BRA,Brazil,mys_f,"Mean Years of Schooling, female (years)",GDI,Gender Development Index,8.478,2020
BRA,Brazil,mys_f,"Mean Years of Schooling, female (years)",GDI,Gender Development Index,8.631,2021
BRA,Brazil,mys_f,"Mean Years of Schooling, female (years)",GDI,Gender Development Index,8.631,2022
BRA,Brazil,mys_f,"Mean Years of Schooling, female (years)",GDI,Gender Development Index,8.631,2023
BRA,Brazil,mys_m,"Mean Years of Schooling, male (years)",GDI,Gender Development Index,3.530,1990
BRA,Brazil,mys_m,"Mean Years of Schooling, male (years)",GDI,Gender Development Index,3.671,1991
BRA,Brazil,mys_m,"Mean Years of Schooling, male (years)",GDI,Gender Development Index,3.811,1992
BRA,Brazil,mys_m,"Mean Years of Schooling, male (years)",GDI,Gender Development Index,3.952,1993
BRA,Brazil,mys_m,"Mean Years of Schooling, male (years)",GDI,Gender Development Index,4.093,1994
BRA,Brazil,mys_m,"Mean Years of Schooling, male (years)",GDI,Gender Development Index,4.234,1995
BRA,Brazil,mys_m,"Mean Years of Schooling, male (years)",GDI,Gender Development Index,4.402,1996
BRA,Brazil,mys_m,"Mean Years of Schooling, male (years)",GDI,Gender Development Index,4.570,1997
BRA,Brazil,mys_m,"Mean Years of Schooling, male (years)",GDI,Gender Development Index,4.739,1998
BRA,Brazil,mys_m,"Mean Years of Schooling, male (years)",GDI,Gender Development Index,4.907,1999
BRA,Brazil,mys_m,"Mean Years of Schooling, male (years)",GDI,Gender Development Index,5.075,2000
BRA,Brazil,mys_m,"Mean Years of Schooling, male (years)",GDI,Gender Development Index,5.276,2001
BRA,Brazil,mys_m,"Mean Years of Schooling, male (years)",GDI,Gender Development Index,5.478,2002
BRA,Brazil,mys_m,"Mean Years of Schooling, male (years)",GDI,Gender Development Index,5.679,2003
BRA,Brazil,mys_m,"Mean Years of Schooling, male (years)",GDI,Gender Development Index,5.880,2004
BRA,Brazil,mys_m,"Mean Years of Schooling, male (years)",GDI,Gender Development Index,6.040,2005
BRA,Brazil,mys_m,"Mean Years of Schooling, male (years)",GDI,Gender Development Index,6.200,2006
BRA,Brazil,mys_m,"Mean Years of Schooling, male (years)",GDI,Gender Development Index,6.380,2007
BRA,Brazil,mys_m,"Mean Years of Schooling, male (years)",GDI,Gender Development Index,6.540,2008
BRA,Brazil,mys_m,"Mean Years of Schooling, male (years)",GDI,Gender Development Index,6.630,2009
BRA,Brazil,mys_m,"Mean Years of Schooling, male (years)",GDI,Gender Development Index,6.700,2010
BRA,Brazil,mys_m,"Mean Years of Schooling, male (years)",GDI,Gender Development Index,6.830,2011
BRA,Brazil,mys_m,"Mean Years of Schooling, male (years)",GDI,Gender Development Index,7.030,2012
BRA,Brazil,mys_m,"Mean Years of Schooling, male (years)",GDI,Gender Development Index,7.080,2013
BRA,Brazil,mys_m,"Mean Years of Schooling, male (years)",GDI,Gender Development Index,7.160,2014
BRA,Brazil,mys_m,"Mean Years of Schooling, male (years)",GDI,Gender Development Index,7.290,2015
BRA,Brazil,mys_m,"Mean Years of Schooling, male (years)",GDI,Gender Development Index,7.530,2016
BRA,Brazil,mys_m,"Mean Years of Schooling, male (years)",GDI,Gender Development Index,7.620,2017
BRA,Brazil,mys_m,"Mean Years of Schooling, male (years)",GDI,Gender Development Index,7.75,2018
BRA,Brazil,mys_m,"Mean Years of Schooling, male (years)",GDI,Gender Development Index,7.892,2019
BRA,Brazil,mys_m,"Mean Years of Schooling, male (years)",GDI,Gender Development Index,8.036,2020
BRA,Brazil,mys_m,"Mean Years of Schooling, male (years)",GDI,Gender Development Index,8.183,2021
BRA,Brazil,mys_m,"Mean Years of Schooling, male (years)",GDI,Gender Development Index,8.183,2022
BRA,Brazil,mys_m,"Mean Years of Schooling, male (years)",GDI,Gender Development Index,8.183,2023
BRA,Brazil,pop_total,"Population, total (millions)",OTHER,Additional Indicators,149.143,1990
BRA,Brazil,pop_total,"Population, total (millions)",OTHER,Additional Indicators,151.724,1991
BRA,Brazil,pop_total,"Population, total (millions)",OTHER,Additional Indicators,154.275,1992
BRA,Brazil,pop_total,"Population, total (millions)",OTHER,Additional Indicators,156.795,1993
BRA,Brazil,pop_total,"Population, total (millions)",OTHER,Additional Indicators,159.265,1994
BRA,Brazil,pop_total,"Population, total (millions)",OTHER,Additional Indicators,161.735,1995
BRA,Brazil,pop_total,"Population, total (millions)",OTHER,Additional Indicators,164.203,1996
BRA,Brazil,pop_total,"Population, total (millions)",OTHER,Additional Indicators,166.662,1997
BRA,Brazil,pop_total,"Population, total (millions)",OTHER,Additional Indicators,169.160,1998
BRA,Brazil,pop_total,"Population, total (millions)",OTHER,Additional Indicators,171.642,1999
BRA,Brazil,pop_total,"Population, total (millions)",OTHER,Additional Indicators,174.018,2000
BRA,Brazil,pop_total,"Population, total (millions)",OTHER,Additional Indicators,176.301,2001
BRA,Brazil,pop_total,"Population, total (millions)",OTHER,Additional Indicators,178.503,2002
BRA,Brazil,pop_total,"Population, total (millions)",OTHER,Additional Indicators,180.623,2003
BRA,Brazil,pop_total,"Population, total (millions)",OTHER,Additional Indicators,182.675,2004
BRA,Brazil,pop_total,"Population, total (millions)",OTHER,Additional Indicators,184.688,2005
BRA,Brazil,pop_total,"Population, total (millions)",OTHER,Additional Indicators,186.653,2006
BRA,Brazil,pop_total,"Population, total (millions)",OTHER,Additional Indicators,188.552,2007
BRA,Brazil,pop_total,"Population, total (millions)",OTHER,Additional Indicators,190.367,2008
BRA,Brazil,pop_total,"Population, total (millions)",OTHER,Additional Indicators,192.080,2009
BRA,Brazil,pop_total,"Population, total (millions)",OTHER,Additional Indicators,193.702,2010
BRA,Brazil,pop_total,"Population, total (millions)",OTHER,Additional Indicators,195.285,2011
BRA,Brazil,pop_total,"Population, total (millions)",OTHER,Additional Indicators,196.876,2012
BRA,Brazil,pop_total,"Population, total (millions)",OTHER,Additional Indicators,198.478,2013
BRA,Brazil,pop_total,"Population, total (millions)",OTHER,Additional Indicators,200.085,2014
BRA,Brazil,pop_total,"Population, total (millions)",OTHER,Additional Indicators,201.676,2015
BRA,Brazil,pop_total,"Population, total (millions)",OTHER,Additional Indicators,203.218,2016
BRA,Brazil,pop_total,"Population, total (millions)",OTHER,Additional Indicators,204.703,2017
BRA,Brazil,pop_total,"Population, total (millions)",OTHER,Additional Indicators,206.107,2018
BRA,Brazil,pop_total,"Population, total (millions)",OTHER,Additional Indicators,207.455,2019
BRA,Brazil,pop_total,"Population, total (millions)",OTHER,Additional Indicators,208.661,2020
BRA,Brazil,pop_total,"Population, total (millions)",OTHER,Additional Indicators,209.550,2021
BRA,Brazil,pop_total,"Population, total (millions)",OTHER,Additional Indicators,210.306,2022
BRA,Brazil,pop_total,"Population, total (millions)",OTHER,Additional Indicators,211.141,2023
BRA,Brazil,pr_f,"Share of seats in parliament, female (% held by women)",GII,Gender Inequality Index,6.734,1990
BRA,Brazil,pr_f,"Share of seats in parliament, female (% held by women)",GII,Gender Inequality Index,6.734,1991
BRA,Brazil,pr_f,"Share of seats in parliament, female (% held by women)",GII,Gender Inequality Index,6.734,1992
BRA,Brazil,pr_f,"Share of seats in parliament, female (% held by women)",GII,Gender Inequality Index,6.734,1993
BRA,Brazil,pr_f,"Share of seats in parliament, female (% held by women)",GII,Gender Inequality Index,6.734,1994
BRA,Brazil,pr_f,"Share of seats in parliament, female (% held by women)",GII,Gender Inequality Index,6.734,1995
BRA,Brazil,pr_f,"Share of seats in parliament, female (% held by women)",GII,Gender Inequality Index,6.734,1996
BRA,Brazil,pr_f,"Share of seats in parliament, female (% held by women)",GII,Gender Inequality Index,6.734,1997
BRA,Brazil,pr_f,"Share of seats in parliament, female (% held by women)",GII,Gender Inequality Index,6.734,1998
BRA,Brazil,pr_f,"Share of seats in parliament, female (% held by women)",GII,Gender Inequality Index,5.892,1999
BRA,Brazil,pr_f,"Share of seats in parliament, female (% held by women)",GII,Gender Inequality Index,5.892,2000
BRA,Brazil,pr_f,"Share of seats in parliament, female (% held by women)",GII,Gender Inequality Index,6.745,2001
BRA,Brazil,pr_f,"Share of seats in parliament, female (% held by women)",GII,Gender Inequality Index,6.745,2002
BRA,Brazil,pr_f,"Share of seats in parliament, female (% held by women)",GII,Gender Inequality Index,9.091,2003
BRA,Brazil,pr_f,"Share of seats in parliament, female (% held by women)",GII,Gender Inequality Index,9.091,2004
BRA,Brazil,pr_f,"Share of seats in parliament, female (% held by women)",GII,Gender Inequality Index,9.091,2005
BRA,Brazil,pr_f,"Share of seats in parliament, female (% held by women)",GII,Gender Inequality Index,9.259,2006
BRA,Brazil,pr_f,"Share of seats in parliament, female (% held by women)",GII,Gender Inequality Index,9.428,2007
BRA,Brazil,pr_f,"Share of seats in parliament, female (% held by women)",GII,Gender Inequality Index,9.428,2008
BRA,Brazil,pr_f,"Share of seats in parliament, female (% held by women)",GII,Gender Inequality Index,9.259,2009
BRA,Brazil,pr_f,"Share of seats in parliament, female (% held by women)",GII,Gender Inequality Index,9.596,2010
BRA,Brazil,pr_f,"Share of seats in parliament, female (% held by women)",GII,Gender Inequality Index,9.596,2011
BRA,Brazil,pr_f,"Share of seats in parliament, female (% held by women)",GII,Gender Inequality Index,9.596,2012
BRA,Brazil,pr_f,"Share of seats in parliament, female (% held by women)",GII,Gender Inequality Index,9.596,2013
BRA,Brazil,pr_f,"Share of seats in parliament, female (% held by women)",GII,Gender Inequality Index,10.438,2014
BRA,Brazil,pr_f,"Share of seats in parliament, female (% held by women)",GII,Gender Inequality Index,10.774,2015
BRA,Brazil,pr_f,"Share of seats in parliament, female (% held by women)",GII,Gender Inequality Index,10.774,2016
BRA,Brazil,pr_f,"Share of seats in parliament, female (% held by women)",GII,Gender Inequality Index,11.279,2017
BRA,Brazil,pr_f,"Share of seats in parliament, female (% held by women)",GII,Gender Inequality Index,14.983,2018
BRA,Brazil,pr_f,"Share of seats in parliament, female (% held by women)",GII,Gender Inequality Index,14.983,2019
BRA,Brazil,pr_f,"Share of seats in parliament, female (% held by women)",GII,Gender Inequality Index,14.310,2020
BRA,Brazil,pr_f,"Share of seats in parliament, female (% held by women)",GII,Gender Inequality Index,14.815,2021
BRA,Brazil,pr_f,"Share of seats in parliament, female (% held by women)",GII,Gender Inequality Index,17.508,2022
BRA,Brazil,pr_f,"Share of seats in parliament, female (% held by women)",GII,Gender Inequality Index,17.677,2023
BRA,Brazil,pr_m,"Share of seats in parliament, male (% held by men)",GII,Gender Inequality Index,93.266,1990
BRA,Brazil,pr_m,"Share of seats in parliament, male (% held by men)",GII,Gender Inequality Index,93.266,1991
BRA,Brazil,pr_m,"Share of seats in parliament, male (% held by men)",GII,Gender Inequality Index,93.266,1992
BRA,Brazil,pr_m,"Share of seats in parliament, male (% held by men)",GII,Gender Inequality Index,93.266,1993
BRA,Brazil,pr_m,"Share of seats in parliament, male (% held by men)",GII,Gender Inequality Index,93.266,1994
BRA,Brazil,pr_m,"Share of seats in parliament, male (% held by men)",GII,Gender Inequality Index,93.266,1995
BRA,Brazil,pr_m,"Share of seats in parliament, male (% held by men)",GII,Gender Inequality Index,93.266,1996
BRA,Brazil,pr_m,"Share of seats in parliament, male (% held by men)",GII,Gender Inequality Index,93.266,1997
BRA,Brazil,pr_m,"Share of seats in parliament, male (% held by men)",GII,Gender Inequality Index,93.266,1998
BRA,Brazil,pr_m,"Share of seats in parliament, male (% held by men)",GII,Gender Inequality Index,94.108,1999
BRA,Brazil,pr_m,"Share of seats in parliament, male (% held by men)",GII,Gender Inequality Index,94.108,2000
BRA,Brazil,pr_m,"Share of seats in parliament, male (% held by men)",GII,Gender Inequality Index,93.255,2001
BRA,Brazil,pr_m,"Share of seats in parliament, male (% held by men)",GII,Gender Inequality Index,93.255,2002
BRA,Brazil,pr_m,"Share of seats in parliament, male (% held by men)",GII,Gender Inequality Index,90.909,2003
BRA,Brazil,pr_m,"Share of seats in parliament, male (% held by men)",GII,Gender Inequality Index,90.909,2004
BRA,Brazil,pr_m,"Share of seats in parliament, male (% held by men)",GII,Gender Inequality Index,90.909,2005
BRA,Brazil,pr_m,"Share of seats in parliament, male (% held by men)",GII,Gender Inequality Index,90.741,2006
BRA,Brazil,pr_m,"Share of seats in parliament, male (% held by men)",GII,Gender Inequality Index,90.572,2007
BRA,Brazil,pr_m,"Share of seats in parliament, male (% held by men)",GII,Gender Inequality Index,90.572,2008
BRA,Brazil,pr_m,"Share of seats in parliament, male (% held by men)",GII,Gender Inequality Index,90.741,2009
BRA,Brazil,pr_m,"Share of seats in parliament, male (% held by men)",GII,Gender Inequality Index,90.404,2010
BRA,Brazil,pr_m,"Share of seats in parliament, male (% held by men)",GII,Gender Inequality Index,90.404,2011
BRA,Brazil,pr_m,"Share of seats in parliament, male (% held by men)",GII,Gender Inequality Index,90.404,2012
BRA,Brazil,pr_m,"Share of seats in parliament, male (% held by men)",GII,Gender Inequality Index,90.404,2013
BRA,Brazil,pr_m,"Share of seats in parliament, male (% held by men)",GII,Gender Inequality Index,89.562,2014
BRA,Brazil,pr_m,"Share of seats in parliament, male (% held by men)",GII,Gender Inequality Index,89.226,2015
BRA,Brazil,pr_m,"Share of seats in parliament, male (% held by men)",GII,Gender Inequality Index,89.226,2016
BRA,Brazil,pr_m,"Share of seats in parliament, male (% held by men)",GII,Gender Inequality Index,88.721,2017
BRA,Brazil,pr_m,"Share of seats in parliament, male (% held by men)",GII,Gender Inequality Index,85.017,2018
BRA,Brazil,pr_m,"Share of seats in parliament, male (% held by men)",GII,Gender Inequality Index,85.017,2019
BRA,Brazil,pr_m,"Share of seats in parliament, male (% held by men)",GII,Gender Inequality Index,85.690,2020
BRA,Brazil,pr_m,"Share of seats in parliament, male (% held by men)",GII,Gender Inequality Index,85.185,2021
BRA,Brazil,pr_m,"Share of seats in parliament, male (% held by men)",GII,Gender Inequality Index,82.492,2022
BRA,Brazil,pr_m,"Share of seats in parliament, male (% held by men)",GII,Gender Inequality Index,82.323,2023
BRA,Brazil,rankdiff_hdi_phdi,Difference from HDI rank,PHDI,Planetary pressures–adjusted Human Development Index,7,2023
BRA,Brazil,sanitation,Sanitation (%),MPI,Multidimensional Poverty Index,11.921,2015
BRA,Brazil,school_attendance,School attendance (%),MPI,Multidimensional Poverty Index,3.069,2015
BRA,Brazil,se_f,"Population with at least some secondary education, female (% ages 25 and older)",GII,Gender Inequality Index,22.200,1990
BRA,Brazil,se_f,"Population with at least some secondary education, female (% ages 25 and older)",GII,Gender Inequality Index,23.451,1991
BRA,Brazil,se_f,"Population with at least some secondary education, female (% ages 25 and older)",GII,Gender Inequality Index,24.703,1992
BRA,Brazil,se_f,"Population with at least some secondary education, female (% ages 25 and older)",GII,Gender Inequality Index,25.954,1993
BRA,Brazil,se_f,"Population with at least some secondary education, female (% ages 25 and older)",GII,Gender Inequality Index,27.205,1994
BRA,Brazil,se_f,"Population with at least some secondary education, female (% ages 25 and older)",GII,Gender Inequality Index,28.457,1995
BRA,Brazil,se_f,"Population with at least some secondary education, female (% ages 25 and older)",GII,Gender Inequality Index,30.018,1996
BRA,Brazil,se_f,"Population with at least some secondary education, female (% ages 25 and older)",GII,Gender Inequality Index,31.579,1997
BRA,Brazil,se_f,"Population with at least some secondary education, female (% ages 25 and older)",GII,Gender Inequality Index,33.140,1998
BRA,Brazil,se_f,"Population with at least some secondary education, female (% ages 25 and older)",GII,Gender Inequality Index,34.701,1999
BRA,Brazil,se_f,"Population with at least some secondary education, female (% ages 25 and older)",GII,Gender Inequality Index,36.262,2000
BRA,Brazil,se_f,"Population with at least some secondary education, female (% ages 25 and older)",GII,Gender Inequality Index,38.270,2001
BRA,Brazil,se_f,"Population with at least some secondary education, female (% ages 25 and older)",GII,Gender Inequality Index,39.820,2002
BRA,Brazil,se_f,"Population with at least some secondary education, female (% ages 25 and older)",GII,Gender Inequality Index,41.560,2003
BRA,Brazil,se_f,"Population with at least some secondary education, female (% ages 25 and older)",GII,Gender Inequality Index,42.870,2004
BRA,Brazil,se_f,"Population with at least some secondary education, female (% ages 25 and older)",GII,Gender Inequality Index,43.950,2005
BRA,Brazil,se_f,"Population with at least some secondary education, female (% ages 25 and older)",GII,Gender Inequality Index,46.210,2006
BRA,Brazil,se_f,"Population with at least some secondary education, female (% ages 25 and older)",GII,Gender Inequality Index,48.070,2007
BRA,Brazil,se_f,"Population with at least some secondary education, female (% ages 25 and older)",GII,Gender Inequality Index,50.220,2008
BRA,Brazil,se_f,"Population with at least some secondary education, female (% ages 25 and older)",GII,Gender Inequality Index,51.020,2009
BRA,Brazil,se_f,"Population with at least some secondary education, female (% ages 25 and older)",GII,Gender Inequality Index,52.020,2010
BRA,Brazil,se_f,"Population with at least some secondary education, female (% ages 25 and older)",GII,Gender Inequality Index,54.520,2011
BRA,Brazil,se_f,"Population with at least some secondary education, female (% ages 25 and older)",GII,Gender Inequality Index,55.690,2012
BRA,Brazil,se_f,"Population with at least some secondary education, female (% ages 25 and older)",GII,Gender Inequality Index,57.120,2013
BRA,Brazil,se_f,"Population with at least some secondary education, female (% ages 25 and older)",GII,Gender Inequality Index,57.660,2014
BRA,Brazil,se_f,"Population with at least some secondary education, female (% ages 25 and older)",GII,Gender Inequality Index,58.860,2015
BRA,Brazil,se_f,"Population with at least some secondary education, female (% ages 25 and older)",GII,Gender Inequality Index,61.390,2016
BRA,Brazil,se_f,"Population with at least some secondary education, female (% ages 25 and older)",GII,Gender Inequality Index,62,2017
BRA,Brazil,se_f,"Population with at least some secondary education, female (% ages 25 and older)",GII,Gender Inequality Index,63.200,2018
BRA,Brazil,se_f,"Population with at least some secondary education, female (% ages 25 and older)",GII,Gender Inequality Index,64.460,2019
BRA,Brazil,se_f,"Population with at least some secondary education, female (% ages 25 and older)",GII,Gender Inequality Index,66.660,2020
BRA,Brazil,se_f,"Population with at least some secondary education, female (% ages 25 and older)",GII,Gender Inequality Index,67.400,2021
BRA,Brazil,se_f,"Population with at least some secondary education, female (% ages 25 and older)",GII,Gender Inequality Index,67.870,2022
BRA,Brazil,se_f,"Population with at least some secondary education, female (% ages 25 and older)",GII,Gender Inequality Index,69.955,2023
BRA,Brazil,se_m,"Population with at least some secondary education, male (% ages 25 and older)",GII,Gender Inequality Index,21.637,1990
BRA,Brazil,se_m,"Population with at least some secondary education, male (% ages 25 and older)",GII,Gender Inequality Index,22.766,1991
BRA,Brazil,se_m,"Population with at least some secondary education, male (% ages 25 and older)",GII,Gender Inequality Index,23.896,1992
BRA,Brazil,se_m,"Population with at least some secondary education, male (% ages 25 and older)",GII,Gender Inequality Index,25.025,1993
BRA,Brazil,se_m,"Population with at least some secondary education, male (% ages 25 and older)",GII,Gender Inequality Index,26.154,1994
BRA,Brazil,se_m,"Population with at least some secondary education, male (% ages 25 and older)",GII,Gender Inequality Index,27.283,1995
BRA,Brazil,se_m,"Population with at least some secondary education, male (% ages 25 and older)",GII,Gender Inequality Index,28.836,1996
BRA,Brazil,se_m,"Population with at least some secondary education, male (% ages 25 and older)",GII,Gender Inequality Index,30.388,1997
BRA,Brazil,se_m,"Population with at least some secondary education, male (% ages 25 and older)",GII,Gender Inequality Index,31.940,1998
BRA,Brazil,se_m,"Population with at least some secondary education, male (% ages 25 and older)",GII,Gender Inequality Index,33.492,1999
BRA,Brazil,se_m,"Population with at least some secondary education, male (% ages 25 and older)",GII,Gender Inequality Index,35.044,2000
BRA,Brazil,se_m,"Population with at least some secondary education, male (% ages 25 and older)",GII,Gender Inequality Index,37.170,2001
BRA,Brazil,se_m,"Population with at least some secondary education, male (% ages 25 and older)",GII,Gender Inequality Index,38.550,2002
BRA,Brazil,se_m,"Population with at least some secondary education, male (% ages 25 and older)",GII,Gender Inequality Index,40.020,2003
BRA,Brazil,se_m,"Population with at least some secondary education, male (% ages 25 and older)",GII,Gender Inequality Index,41.25,2004
BRA,Brazil,se_m,"Population with at least some secondary education, male (% ages 25 and older)",GII,Gender Inequality Index,42.220,2005
BRA,Brazil,se_m,"Population with at least some secondary education, male (% ages 25 and older)",GII,Gender Inequality Index,44.170,2006
BRA,Brazil,se_m,"Population with at least some secondary education, male (% ages 25 and older)",GII,Gender Inequality Index,46.340,2007
BRA,Brazil,se_m,"Population with at least some secondary education, male (% ages 25 and older)",GII,Gender Inequality Index,48.25,2008
BRA,Brazil,se_m,"Population with at least some secondary education, male (% ages 25 and older)",GII,Gender Inequality Index,49.110,2009
BRA,Brazil,se_m,"Population with at least some secondary education, male (% ages 25 and older)",GII,Gender Inequality Index,49.090,2010
BRA,Brazil,se_m,"Population with at least some secondary education, male (% ages 25 and older)",GII,Gender Inequality Index,52.340,2011
BRA,Brazil,se_m,"Population with at least some secondary education, male (% ages 25 and older)",GII,Gender Inequality Index,53.220,2012
BRA,Brazil,se_m,"Population with at least some secondary education, male (% ages 25 and older)",GII,Gender Inequality Index,54.240,2013
BRA,Brazil,se_m,"Population with at least some secondary education, male (% ages 25 and older)",GII,Gender Inequality Index,54.660,2014
BRA,Brazil,se_m,"Population with at least some secondary education, male (% ages 25 and older)",GII,Gender Inequality Index,55.950,2015
BRA,Brazil,se_m,"Population with at least some secondary education, male (% ages 25 and older)",GII,Gender Inequality Index,58.670,2016
BRA,Brazil,se_m,"Population with at least some secondary education, male (% ages 25 and older)",GII,Gender Inequality Index,59.150,2017
BRA,Brazil,se_m,"Population with at least some secondary education, male (% ages 25 and older)",GII,Gender Inequality Index,60.290,2018
BRA,Brazil,se_m,"Population with at least some secondary education, male (% ages 25 and older)",GII,Gender Inequality Index,61.370,2019
BRA,Brazil,se_m,"Population with at least some secondary education, male (% ages 25 and older)",GII,Gender Inequality Index,63.600,2020
BRA,Brazil,se_m,"Population with at least some secondary education, male (% ages 25 and older)",GII,Gender Inequality Index,64.970,2021
BRA,Brazil,se_m,"Population with at least some secondary education, male (% ages 25 and older)",GII,Gender Inequality Index,65.020,2022
BRA,Brazil,se_m,"Population with at least some secondary education, male (% ages 25 and older)",GII,Gender Inequality Index,67.552,2023
BRA,Brazil,years_of_schooling,Years of schooling (%),MPI,Multidimensional Poverty Index,19.835,2015
